ID,Description,GeneRatio,BgRatio,RichFactor,FoldEnrichment,zScore,pvalue,p.adjust,qvalue,geneID,Count,ONTOLOGY
GO:0051056,"regulation of small GTPase mediated signal
transduction",0.6733333333333333,300/18986,0.6733333333333333,1.6787796016633838,9.697776313320256,7.711851208176884e-22,4.928644107145846e-18,4.016656818743076e-18,ARHGEF3/PRAG1/SRGAP2/RHOD/FLCN/ARFGEF3/DOCK2/CYRIB/KBTBD6/RASA3/ABL1/PSD4/TIAM2/SPATA13/EPHB2/SIPA1L2/FBP1/EPS8L1/RIPOR2/AUTS2/TNS3/NTRK1/HEG1/SIPA1L3/PSD2/BCR/CSF1/VAV2/IQSEC1/DLC1/ARHGAP22/PREX1/TRIO/ARAP1/PLEKHG3/DENND1A/SEMA4D/TSC2/CADM4/ARHGEF18/TIAM1/FGD3/ITGB1/ARHGAP45/ARHGEF10L/DAB2IP/ARHGAP23/DOCK3/CHN2/SH3BP1/RASIP1/OBSCN/RASGEF1A/MYO9B/ARHGEF11/PSD/CRK/MYOC/ARHGAP39/CYTH4/ABR/RAP1GAP/MAP4K4/RAP1GAP2/RALGPS1/RTN4R/ARHGEF10/FGD4/ARHGEF4/ARHGAP10/PLEKHG4B/ABCA1/RHOU/ITGAV/ARHGEF28/KANK1/NOTCH2/DENND3/ARFGAP1/ARHGAP26/TGM2/SYNPO2L/SRGAP3/STMN1/ARHGEF15/RIPOR1/STK19/SGSM3/ARHGEF25/GPR55/PLEKHG5/SQSTM1/PLXNB1/PLEKHG6/NF1/RAC1/DOCK9/SH2B2/PLEKHG1/CGNL1/IQSEC3/NOTCH1/ARHGEF2/NGEF/ITPKB/MCF2L/CYTH3/ADCYAP1R1/EPS8L2/ITSN1/PICALM/ARHGAP24/GMIP/SRC/ITGA3/ARHGAP15/RASAL1/DOCK6/ARHGEF17/FNTA/GIT2/RASA4/ADGRG1/GIT1/KANK2/PSD3/SYDE1/CSNK1A1/SOS2/ARHGAP25/ARHGAP8/SIPA1L1/KALRN/APOE/CDC42SE2/LRP4/DOCK8/TNFAIP1/ARHGAP35/MFN2/FGD5/ARHGAP44/ARHGAP9/RDX/TAGAP/SCAI/CYTH1/ARHGAP1/SWAP70/MAPKAP1/SPRY4/RASGRF1/AKAP13/FAM13A/CD2AP/VAV1/RALBP1/ARHGAP30/ARHGEF1/RABL3/RASGRP1/ARHGAP29/PIK3CB/TEK/PPP2CB/RASA2/KCTD13/ARRB1/CBL/FOXM1/GPR4/NUP62/STARD13/RTN4/DOCK10/CYTH2/RASGRF2/CUL3/ARHGAP17/ARFGEF1/ARFGEF2/NGF/CDON/ERBB2/RELN/ROBO1/MADD/GBF1/ABL2/FGD2/RABGEF1/TRIM67/VAV3/ARHGAP18/NRP1/MMD2/RALGAPB/STAMBP/SHOC2/ARHGAP31/DNMBP/FAM13B,202,BP
GO:0007264,small GTPase-mediated signal transduction,0.6028513238289206,491/18986,0.6028513238289206,1.5030512454649885,9.242016331380881,5.494503258811897e-20,1.7557685163533418e-16,1.4308843223474353e-16,LAT/ARHGEF3/PRAG1/RAPGEFL1/RASGEF1C/SRGAP2/RAPGEF1/RHOD/ARHGAP33/FLCN/ARFGEF3/DOCK2/KNDC1/DOK3/CDC42EP2/CYRIB/KBTBD6/RHOJ/RASA3/CCDC88C/ABL1/PSD4/WASF2/TIAM2/SPATA13/EPHB2/SIPA1L2/FBP1/EPS8L1/RIPOR2/CDH13/AUTS2/TNS3/NTRK1/GNA12/HEG1/SIPA1L3/PSD2/BCR/RALB/CSF1/VAV2/CELSR1/RAPGEF3/IQSEC1/DLC1/ARHGAP22/PREX1/TRIO/ARAP1/PLEKHG3/DENND1A/SEMA4D/TSC2/CADM4/ARHGEF18/TIAM1/FGD3/ITGB1/ARHGAP45/CDC42/DOCK1/ARHGEF10L/DAB2IP/ARHGAP23/DOCK3/CHN2/SH3BP1/RASIP1/ELMO1/OBSCN/RASGEF1A/MYO9B/ARHGEF11/RUFY1/PSD/CRK/MYOC/ARHGAP39/BCAR3/FARP2/RAPGEF6/CYTH4/ABR/RAP1GAP/MAP4K4/TNK2/PLD1/RAP1GAP2/RALGPS1/DAB1/IQGAP3/RTN4R/ARHGEF10/FGD4/ARHGEF4/ARHGAP10/PLEKHG4B/ABCA1/RHOU/ARFIP2/ITGAV/ARHGEF28/NUCB2/SHTN1/KANK1/NOTCH2/DENND3/ARFGAP1/ARHGAP26/TGM2/DOCK4/SYNPO2L/SRGAP3/STMN1/ARHGEF15/RALGDS/RIPOR1/STK19/NISCH/NGFR/SGSM3/ROCK1/KSR1/KSR2/ARHGEF25/GPR55/PLEKHG5/CDC42EP3/GNB1/SQSTM1/ARHGDIG/CYFIP1/PLXNB1/PLEKHG6/NF1/RAC1/ARHGEF7/LIMK1/DOCK9/SH2B2/PLEKHG1/CGNL1/IQSEC3/NOTCH1/RHOG/ARHGEF2/NGEF/ITPKB/MCF2L/CYTH3/ADCYAP1R1/C15orf62/RAPGEF4/EPS8L2/NTN1/ITSN1/PICALM/CDC42EP5/DHCR24/ARHGAP24/GMIP/FARP1/SH2D3C/DBNL/GRAP2/RAB4B/SRC/NKIRAS2/RIN2/ITGA3/ARHGAP15/RAPGEF2/RASAL1/DOCK6/ARHGEF17/FNTA/GIT2/RHOA/RASA4/ADGRG1/GIT1/RALA/KANK2/DOK1/PSD3/SYDE1/CSNK1A1/SOS2/ARHGAP25/ARHGAP8/SIPA1L1/KALRN/APOE/CDC42SE2/LRP4/RASGRP2/RASSF1/DOCK8/TNFAIP1/ARHGAP35/MFN2/PLD2/FGD5/RAB12/ARHGAP44/ARHGAP9/RDX/PHACTR4/TAGAP/RHOBTB2/GARRE1/SCAI/CYTH1/ARHGAP1/MRAS/SWAP70/RND3/MAPKAP1/LIPA/SPRY4/RASGRF1/AKAP13/RHOH/FAM13A/CD2AP/RASGEF1B/VAV1/RALBP1/ARHGAP30/ARHGEF1/RABL3/RASGRP1/RAC2/RASGRP4/RGL3/ARHGAP29/RAB15/PIK3CB/TEK/PPP2CB/RASA2/KCTD13/RHOQ/ARRB1/RAP1B/CBL/FOXM1/GPR4/PLEKHG7/NUP62/RGL1/STARD13/RB1/RTN4/GRB2/DOCK10/CYTH2/RASGRF2/LRRK2/CUL3/ARHGAP17/ARFGEF1/RHOT1/RRAGC/ARFGEF2/NGF/RABIF/CDON/ERBB2/RELN/ROBO1/MADD/GBF1/ABL2/FGD2/RAB38/RABGEF1/TRIM67/VAV3/ARHGAP18/NRP1/MMD2/TAX1BP3/RAP1A/NKIRAS1/ROCK2/RRAS2/RALGAPB/STAMBP/SHOC2/CDC42EP4/DOCK5/ARHGAP31/DNMBP/FAM13B,296,BP
GO:1990778,protein localization to cell periphery,0.5939226519337016,362/18986,0.5939226519337016,1.4807899500477033,7.558125685767663,6.377369736905049e-14,1.3585923329520057e-10,1.1072008932703923e-10,STX8/SCRIB/PACS2/KCNJ11/PRKCZ/VPS4A/LAMA5/PRKCE/GAS6/RER1/GAK/CLSTN1/ASAP1/MAP7/EPHB2/CACNB3/GRIP2/ANK2/RAB7A/EFR3A/CSRP3/TTC7B/RAB31/CAMK2G/EHD4/TSPAN14/TREM2/AKT1/EMP2/ANK1/PRAM1/LYPD1/ATP2C2/TUB/CDH1/LRRC15/ITGB1/CNST/STXBP1/STAC2/RILPL1/LDLRAP1/GORASP2/RAB8A/OLFM1/CD81/PRKCH/RABEP1/MISP/RAB11FIP3/ZDHHC3/RAPGEF6/MACF1/ZFYVE27/PTCH1/ARHGEF16/BCL2L1/CAMK2B/PKDCC/EPHA2/ANXA13/PPIL2/PPP1R9B/C1QL3/ERBB4/PALM/CSK/KCNIP3/LGI1/PKP1/TMEM108/EZR/KIF13A/PHAF1/WNT3A/ROCK1/CACNG3/TTC7A/ABCA2/SQSTM1/PIK3R1/CAMK2A/CACNG2/KCNB1/AKT2/RHOG/CLN3/CACNA2D2/SCARB2/GPER1/RAPSN/CLIP3/PPFIA1/DAG1/ACTB/PDZK1/PICALM/RAB11A/EIF4G1/SORBS1/EHD1/AMN/SPTBN1/VIL1/DPP6/EPB41/GRIN2A/PIAS1/SPTBN4/ZDHHC8/NGDN/SEC16A/CLTC/DPP10/TMEM59/LARGE1/ITGA3/EGFR/TNF/RAPGEF2/AFDN/FRMD8/SORL1/ATP1B1/DLG4/CDH2/RHBDF2/KIF2C/CPLX1/VAMP5/FYB1/NHERF2/PRNP/IKBKB/SCP2/ACTN2/NKD2/CRB3/JUP/AP2M1/NSG1/DCHS1/PACS1/ZDHHC5/KRT18/ATP2B4/TESC/ARHGAP44/SLC4A1/RDX/GRIP1/GGA2/LRP1/SKAP1/EFR3B/GPC6/TSPAN15/NETO2/NHERF1/ZDHHC23/RAMP3/CACNG7/KIF5B/PDPK1/MYO5A/VAMP3/WNK4/RACK1/GGA3/RHOQ/SAPCD2/WDR19/BBS2/MAL/GOLGA4/FLOT2/PTPN9/INPP5K/PALS1/NUMB/PACSIN1/STX1B/CIB1/AP4M1/VWC2/AKAP5/NRXN1/ERBB2/SEC23A/STX7/RILPL2/RAB38/LGALS3/LYPLA1/LHFPL4/EHD3/AGR2/SMURF1/RAP1A/ROCK2/IFT20/OPTN/TNIK/SLMAP/WNK1/EPM2A/RAB26/GPSM2/SYS1/ANK3/STAC/CAV3/TSPAN5/ADIPOQ/RAB10,215,BP
GO:0007015,actin filament organization,0.567741935483871,465/18986,0.567741935483871,1.4155152182661557,7.423729172363586,1.6064525129754794e-13,2.566709502606572e-10,2.091770272158598e-10,SMAD3/CARMIL2/ESPNL/RHOD/RHPN1/CARMIL3/MYO7B/NF2/PRKCE/CDC42EP2/ADD3/SSH1/CYRIB/CORO7/RHOJ/MARCKSL1/COTL1/ABL1/KIRREL1/WASF2/FAM171A1/ACTN1/MICAL3/ADD1/TWF2/SPTBN5/PFN3/ELMO2/PLEC/EVL/CYFIP2/CAPZB/EMP2/ENAH/RAPGEF3/DLC1/SPTAN1/CYRIA/PREX1/ARAP1/RGCC/MYO1A/PRKN/ARHGEF18/SPTBN2/FMN1/CDC42/AVIL/ARHGEF10L/HIP1R/SPIRE1/PHACTR1/SH3BP1/TLE6/MICAL2/CTTN/WDR1/TF/ELMO1/SLC9A1/PPM1F/MTOR/MYOC/BCAR1/ADD2/BCL2/BAIAP2/ASAP3/ARPC1B/ARPC1A/PSTPIP1/MYO1C/MYO1D/GAS2L2/IQGAP3/ARHGEF10/RHOU/ARFIP2/SHTN1/KANK1/DPYSL3/SH3D21/PPP1R9B/FSCN1/MYO5C/PFN1/OOEP/SYNPO2L/STMN1/ARHGEF15/COBL/ALOX15/EZR/MTSS1/ROCK1/SVIL/CORO1C/SEMA5A/CDC42EP3/ELMO3/KASH5/CYFIP1/PIK3R1/DBN1/CAPG/CORO2B/BAIAP2L1/BAIAP2L2/CORO6/RAC1/WNT4/LIMK1/KANK4/MYO15A/RFLNA/CGNL1/NEBL/MEGF9/RHOG/ARHGEF2/SYNPO/PPFIA1/MYO1G/C15orf62/GHRL/PXN/ANG/SERPINF2/CDC42EP5/WASHC1/SORBS1/TMOD4/SPTBN1/RHPN2/WIPF3/VIL1/VILL/INF2/MYO7A/SPTBN4/AIF1L/SRC/MAD2L2/NAA80/HIP1/TTC17/TAGLN2/IQGAP1/TGFB3/DNM2/SPTB/RHOA/KANK2/MYO6/PRKCD/SHANK3/SPIRE2/CARMIL1/ARHGAP25/ACTG1/FSCN2/PTK2B/GAS7/TRIM27/PPARGC1B/MYO19/USH1C/SNX9/TRIOBP/DMTN/ACTN2/FCHSD2/TNFAIP1/ARHGAP35/NEDD9/BLOC1S6/JAK2/SPATC1L/ELN/RDX/RHOBTB2/HCLS1/DAAM2/SSH2/LIMCH1/TCAP/ACTL8/SWAP70/HCK/ACTR2/RND3/BIN1/RHOH/ALMS1/PICK1/PSTPIP2/PLEK/SHROOM1/CD2AP/FMN2/NCK2/TPM1/CLRN1/MYO1F/MYO1E/RAC2/CRACD/IQGAP2/DIAPH1/GSN/MYO5A/KHDC3L/ARPC5L/PAK2/MYO1B/CAP2/SDC4/KCTD13/RHOQ/NLRP5/BIN3/CAP1/MYO5B/ARRB1/TSC1/LCP1/ITGB5/INPP5K/CORO1A/GRB2/TACR1/ABI1/GBA2/FAM107A/PPP1R9A/PACSIN1/TMOD1/CUL3/ARHGAP17/GMFG/ARFGEF1/RNH1/MLST8/ESPN/ZEB2/FLII/ARPC2/ARHGAP18/NRP1/GAS2L1/RASA1/ROCK2/XIRP2/CCR7/ARPC3/CALD1/PPM1E/SYNPO2/MICALL2/CDC42EP4/DSTN/TPM4/CAV3/NCKAP1L,264,BP
GO:0072659,protein localization to plasma membrane,0.6101694915254238,295/18986,0.6101694915254238,1.5212971721735646,7.384498950652876,2.38896930320694e-13,3.053580563359111e-10,2.488551602582724e-10,STX8/SCRIB/PACS2/KCNJ11/PRKCZ/VPS4A/LAMA5/PRKCE/GAS6/RER1/GAK/ASAP1/MAP7/EPHB2/CACNB3/GRIP2/ANK2/RAB7A/EFR3A/CSRP3/TTC7B/RAB31/CAMK2G/EHD4/TSPAN14/TREM2/AKT1/EMP2/ANK1/PRAM1/LYPD1/ATP2C2/CDH1/LRRC15/ITGB1/CNST/STXBP1/STAC2/RILPL1/LDLRAP1/GORASP2/RAB8A/CD81/PRKCH/RAB11FIP3/ZDHHC3/RAPGEF6/MACF1/ZFYVE27/PTCH1/ARHGEF16/BCL2L1/CAMK2B/PKDCC/EPHA2/ANXA13/PPIL2/PPP1R9B/PALM/CSK/KCNIP3/PKP1/EZR/KIF13A/PHAF1/WNT3A/ROCK1/TTC7A/SQSTM1/PIK3R1/CAMK2A/KCNB1/AKT2/RHOG/CLN3/SCARB2/GPER1/CLIP3/PPFIA1/ACTB/PDZK1/PICALM/RAB11A/SORBS1/EHD1/AMN/SPTBN1/VIL1/DPP6/SPTBN4/ZDHHC8/NGDN/SEC16A/CLTC/DPP10/TMEM59/LARGE1/ITGA3/EGFR/TNF/RAPGEF2/AFDN/FRMD8/SORL1/ATP1B1/CDH2/RHBDF2/VAMP5/FYB1/NHERF2/PRNP/IKBKB/SCP2/ACTN2/NKD2/CRB3/JUP/AP2M1/NSG1/DCHS1/PACS1/ZDHHC5/KRT18/ATP2B4/TESC/ARHGAP44/SLC4A1/RDX/GRIP1/GGA2/LRP1/SKAP1/EFR3B/TSPAN15/NHERF1/ZDHHC23/RAMP3/KIF5B/PDPK1/MYO5A/VAMP3/WNK4/RACK1/GGA3/RHOQ/BBS2/GOLGA4/FLOT2/PTPN9/INPP5K/PALS1/NUMB/PACSIN1/CIB1/AKAP5/NRXN1/SEC23A/STX7/RILPL2/LGALS3/LYPLA1/EHD3/AGR2/SMURF1/RAP1A/ROCK2/IFT20/OPTN/TNIK/SLMAP/WNK1/EPM2A/RAB26/SYS1/ANK3/STAC/CAV3/TSPAN5/ADIPOQ/RAB10,180,BP
GO:0031589,cell-substrate adhesion,0.5789473684210527,361/18986,0.5789473684210527,1.4434530186266716,6.961358511169154,4.531551099749005e-12,4.826857179749315e-9,3.933704358168083e-9,SMAD3/EPHB3/OTOA/THSD1/SRGAP2/COL17A1/RHOD/SMAD6/TBCD/PRKCZ/ITGB2/LAMA5/NF2/PRKCE/ITGB6/ITGA6/BST1/GAS6/SNED1/ITGAL/ITGA10/ABL1/UTRN/VWF/ACTN1/CAMSAP3/WDPCP/MERTK/LAMC1/PTPRJ/ITGA11/FBLN1/CDH13/PLAU/SIGLEC1/LIMS2/EMP2/AJAP1/BCR/CSF1/ACTN4/DLC1/PARVB/PREX1/VWA2/RADIL/PTPN1/TIAM1/COL13A1/THBS1/FMN1/ITGB1/TNXB/CDC42/DOCK1/ITGAD/PKD1/CTTN/SLC9A1/PPM1F/GCNT2/ITGA9/COL5A3/CRK/MYOC/DISC1/BCL2/TIMM10B/MACF1/MAP4K4/ANTXR1/PEAK1/MKLN1/P4HB/ITGAV/MINK1/BCAM/ADAM15/KANK1/UNC13D/ST6GAL1/PPARD/ALOX15/COL1A1/ACVRL1/ROCK1/PDGFB/CORO1C/ITGAM/RREB1/COL26A1/PIK3R1/COL16A1/CORO2B/JAG1/NF1/RAC1/ARHGEF7/WNT4/MADCAM1/NOTCH1/FBLN2/PPFIA1/MYO1G/DAG1/PXN/BCL2L11/EPHB1/SORBS1/ITGAE/SRC/NID1/RIN2/HSD17B12/ITGA3/ADAMTS13/HOXD3/CEACAM6/PLEKHA2/RHOA/TESK2/PTPRO/CASS4/RAB1A/SPOCK2/CARMIL1/ACTG1/PTK2B/TRIOBP/DMTN/ACTN2/TMEM8B/TYRO3/JUP/FAT2/NEDD9/JAK2/ARL2/MELTF/GFUS/ITGA7/TLN1/MUC4/ACER2/SKAP1/LIMCH1/SRCIN1/TNN/PARVG/PTPRA/SPRY4/TAOK2/ITGA2/MIR192/AJUBA/RAC2/LAMB1/LYVE1/SERPINE1/LYPD3/ECM2/VAMP3/TRPM7/PIK3CB/TEK/SDC4/EGFLAM/RSU1/ACTN3/CD96/CCL25/RCC2/TSC1/POLDIP2/ITGA8/APOD/ITGB5/HRG/CORO1A/LIMS1/FAM107A/TECTA/FGL1/CIB1/VWC2/LDB1/ONECUT2/VTN/ITGBL1/ITGA1/CDK6/AGR2/ARPC2/NRP1/RASA1/ROCK2/CCR7/STON1/VCL/FBLN5/PPFIA2/ONECUT1/VIT/MICALL2/SVEP1/DOCK5/CCDC80/FREM1/TRIP6,209,BP
GO:0070588,calcium ion transmembrane transport,0.5747126436781609,348/18986,0.5747126436781609,1.4328948460766333,6.669807631917844,3.238216875464612e-11,2.9564920072991908e-8,2.4094281353081053e-8,PLCG2/CACNA1H/F2/TRPM4/CRACR2A/TPCN2/CATSPER4/PRKCE/GAS6/ABL1/CACNA1A/CACNB3/ANK2/CD19/TRPM3/CNGB1/CACNA1C/PSEN2/ATP2C2/JPH3/CACNG5/TRPM2/SELENON/GRIN2D/STAC2/HTT/PDE4B/CACNA1D/ATP2A3/PKD1/NOS1AP/ANO9/UBASH3B/RYR1/SLC9A1/PML/P2RX5/SLC24A3/ATP2B2/HPCA/BCL2/CATSPER2/CACNA1B/ITPR3/HAP1/NOL3/PLCB1/ITGAV/CACNA1S/PDE4D/PPP3CC/GRM6/ATP2A1/SLC24A4/UBR3/SCN11A/FKBP1B/P2RX4/WNT3A/RYR3/CRHR1/STIM2/CACNG3/CACNB1/TLR9/NTSR1/CACNG2/PLCB2/CACNG4/GPR35/HRC/LYN/CACNA2D2/GPER1/ATG5/TRPC6/TMBIM6/ADCYAP1R1/CACNG8/GRIN1/TRPV5/ITPR1/STIM1/RYR2/JPH2/GRIN2A/TRPM1/CACNA1G/LETM2/CACNA1E/ATP1B1/SPG7/DRD2/ASPH/CEMIP/KCNN4/ASIC1/CACNA2D4/PRNP/MIR200C/PTK2B/PLCH2/TMEM165/PLCH1/SLC25A23/SLC8A3/NCS1/NIPSNAP2/CACNA1I/UBQLN1/AHNAK/P2RY6/ATP2B4/CBARP/NOS1/OPRM1/TRPC4AP/TMEM38A/RGS9/CACNB4/CASQ2/MCUB/PSEN1/BIN1/ORAI2/GRIN3B/STIMATE/BAK1/PKD1L2/VDAC1/PKD1L1/GRIN3A/NPPA/FKBP1A/TRPV1/CHRNA7/PLCD1/CACNG7/PKD2L1/PDPK1/DIAPH1/PANX1/HTR2A/CALHM3/CACNA2D3/BHLHA15/TMEM38B/TMC1/PKD2/AFG3L2/TRPM6/PRKACA/TRPM7/AKAP6/CNGA4/CACHD1/TPCN1/SLC25A25/CAPN3/GNB5/YWHAE/TMEM37/PTPN6/XCR1/P2RX7/GSTO1/CORO1A/SLC8B1/GJC2/F2RL3/P2RX3/EDNRA/AKAP5/PKD1L3/SLC35G1/ATP1A2/TRPC7/GPM6A/TRPM8/PLCB4/ATP2A2/EHD3/ORAI1/LETM1/CNGA3/CCR7/ANO6/SESTD1/MICU1/CHERP/MIR208A/NALF1/MAIP1/ITPR2/STAC/BDKRB1/FYN/CHRNA10/TRPV3/PLCG1,200,BP
GO:0006816,calcium ion transport,0.550561797752809,445/18986,0.550561797752809,1.3726810626572332,6.510160242290315,8.566579551658036e-11,6.843626239330813e-8,5.5772941607373634e-8,PLCG2/OPRD1/CACNA1H/F2/TRPM4/WFS1/CRACR2A/TPCN2/CATSPER4/NOS3/PRKCE/GAS6/ABL1/CACNA1A/CDH23/CACNB3/ANK2/CD19/TRPM3/CNGB1/CAMK2G/CACNA1C/PSEN2/ATP2C2/JPH3/CACNG5/TRPM2/SELENON/GRIN2D/STAC2/HTT/PDE4B/CACNA1D/ATP2A3/PKD1/FFAR1/NOS1AP/ANO9/UBASH3B/VDR/RYR1/SLC9A1/PML/P2RX5/PRKCB/PACSIN3/SLC24A3/CHRNA4/ATP2B2/MYLK/HPCA/BCL2/SRL/PDGFRB/CATSPER2/CACNA1B/ITPR3/HAP1/NOL3/PLCB1/CAMK2B/ITGAV/CACNA1S/PDE4D/ACE/PPP3CC/GRM6/ATP2A1/SLC24A4/UBR3/SCN11A/GJA4/FKBP1B/P2RX4/WNT3A/RYR3/CRHR1/PDGFB/STIM2/CACNG3/CASR/CACNB1/TLR9/NTSR1/LILRB2/CAMK2A/CACNG2/PLCB2/CACNG4/GPR35/HRC/LYN/CACNA2D2/GPER1/IL16/ATG5/TRPC6/TMBIM6/ADCYAP1R1/CACNG8/STC1/GRIN1/TRPV5/SLC3A2/ITPR1/STIM1/PLPP4/EPB41/RYR2/HOMER3/JPH2/GRIN2A/TRPM1/CACNA1G/LETM2/CACNA1E/ATP1B1/SPG7/DRD2/ASPH/HOMER2/CEMIP/KCNN4/ASIC1/CACNA2D4/PRNP/MIR200C/PTK2B/TRIM27/PLCH2/TMEM165/PLCH1/SLC25A23/SLC8A3/NCS1/HCRT/NIPSNAP2/LILRB1/CACNA1I/UBQLN1/AHNAK/CD4/P2RY6/ATP2B4/CBARP/NOS1/OPRM1/TRPC4AP/TMEM38A/RGS9/ANXA6/CACNB4/CASQ2/MCUB/PSEN1/BIN1/ORAI2/GRIN3B/STIMATE/BAK1/PKD1L2/VDAC1/PKD1L1/GRIN3A/NPPA/HOMER1/FKBP1A/TRPV1/RAMP3/CHRNA7/PLCD1/CACNG7/PKD2L1/PDPK1/DIAPH1/PANX1/HTR2A/CALHM3/CACNA2D3/BHLHA15/TMEM38B/TMC1/PKD2/AFG3L2/TRPM6/PRKACA/TRPM7/AKAP6/GRAMD2A/CNGA4/CACHD1/TPCN1/SLC25A25/GNAI2/CAPN3/TMX1/GNB5/YWHAE/TMEM37/PTPN6/INPP5K/XCR1/P2RX7/GSTO1/CORO1A/SLC8B1/GJC2/F2RL3/P2RX3/EDNRA/AKAP5/BSPRY/PKD1L3/SLC35G1/ATP1A2/TRPC7/GPM6A/SPG11/TRPM8/PLCB4/LGALS3/ATP2A2/EHD3/ORAI1/LETM1/CNGA3/CCR7/EPM2A/ANO6/SESTD1/CRACR2B/MICU1/CHERP/MIR208A/NALF1/MAIP1/ITPR2/STAC/BDKRB1/FYN/CAV3/CHRNA10/TSPO/TRPV3/PLCG1,245,BP
GO:0042391,regulation of membrane potential,0.5450643776824035,466/18986,0.5450643776824035,1.3589746913562852,6.420623777293733,1.4983594590235892e-10,1.0051435360829574e-7,8.191536151229894e-8,BEGAIN/GRIK4/OPRD1/WWP2/CACNA1H/TRPM4/PIEZO2/KCNJ11/PRKCZ/KCNAB2/ARRB2/PRKAR1B/KCNA10/KCNA2/SSH1/ADORA1/ABL1/KCNMA1/KCNQ1/VCP/PIEZO1/KCND2/CACNB3/GJA5/ANK2/GRIK5/KCNJ10/SYNE1/CHRM1/KCNG4/KCNQ3/CNGB1/KCNC4/CACNA1C/ASIC2/TREM2/AGT/AKT1/TBX5/FZD9/KCNE4/SLC34A1/KCNIP1/GNA11/PRKN/GRIN2D/ATP1A4/CACNA1D/NOS1AP/SNTA1/DMPK/CRTC1/WDR1/GABRG3/SLC9A1/P2RX5/GABRR1/GSK3A/MTOR/MYOC/CHRNA4/BCL2/BAIAP2/CELF4/KCNG3/ABAT/GRID1/BCL2L1/GRM5/GLRX/ABCC8/TBC1D24/KCNIP2/SLC24A4/HCN4/SCN11A/SCN8A/RIMS4/NNT/FKBP1B/BAD/TMEM108/P2RX4/SCN5A/KCNQ2/CASR/LTF/KCNH1/CHRNA5/NTSR1/RNF122/CACNG2/FXYD1/CHRNA1/MYH14/KCNB1/KCNJ5/GPR35/SLC6A4/KCNJ3/CLN3/GPER1/KCNA1/GHRL/CNTNAP1/ATP5IF1/KCNG2/UNC13B/GRIN1/SLC29A1/CXADR/GABRA5/RYR2/PTPN3/GRIN2A/RIMS3/KCNA6/CTNNA3/MAPT/SEZ6/SRC/KCNK3/CNR2/COL6A1/GBA1/TNF/KCNE1/CHCHD10/CACNA1G/CUX2/KCNH2/CLCN1/SLC39A8/ATP1B1/PARP1/ATP1A3/DLG4/SMAD7/MTMR2/DRD2/POPDC2/CHRNB3/KCNH3/SHANK3/KCNN4/ASIC1/CLDN19/INSYN1/NTSR2/PTK2B/INSYN2B/KCNS3/DLD/GNA14/ACTN2/TUSC2/KCNA5/SLC8A3/STX1A/GNA15/JUP/HCRT/CACNA1I/CHRNB4/PRELID1/NEDD4L/CHRNG/NOS1/GRIK3/NPR2/GRID2/HTR3A/SCN4A/DVL1/CACNB4/KCNK6/KCNH4/LIPA/INSYN2A/ZMYND8/CASQ2/NPFF/PSEN1/BIN1/NEDD4/GRIN3B/BAK1/CHRNA3/GRIN3A/BID/NPPA/RNF207/GPD1L/SPART/KMT2A/KCNC3/TRPV1/CHRNA7/PPP2R3C/SOD2/KIF5B/GABRR2/KCNG1/RACK1/SLC1A6/GABRB2/GABRA6/AKAP6/KCNE2/SCN3A/KCNMB2/GNAQ/YWHAE/CHRNE/SLC4A3/HTR3B/KCNC1/P2RX7/GABRB3/TACR1/NPAS4/SLC8B1/BNIP3L/SCN2B/LRRK2/STX1B/P2RX3/KCNMB3/RTL10/NRXN1/WNT7A/NRCAM/ATP1A2/RELN/SCN10A/SLC1A7/APP/ATP2A2/EHD3/SLC26A5/CHRNA2/KCND3/GABRP/SLMAP/GJC1/GRIA1/MIR208A/ANK3/MPP2/EIF4A3/CAV3/KCNH8/CHRNA10/TSPO,254,BP
GO:0031346,"positive regulation of cell projection
organization",0.5647382920110193,363/18986,0.5647382920110193,1.4080264231281963,6.423292570911335,1.5727484526411475e-10,1.0051435360829574e-7,8.191536151229894e-8,CARMIL2/RAPGEF1/BCL11A/SERPINF1/SEPTIN9/ROR1/CAMK1D/PLXNA2/LRP8/FNBP1L/CDC42EP2/CDH4/ITGA6/AGRN/ATP8A2/ABL1/ASAP1/WASF2/TIAM2/EPHB2/APBB1/TWF2/CUX1/EPS8L1/ISLR2/PLXND1/RIPOR2/AUTS2/NTRK1/CROCC/S100A9/ARAP1/TRAK1/FES/MYO3B/MARK4/SEMA4D/TIAM1/WRAP73/CDC42/AVIL/WNT3/HTT/DAB2IP/KATNB1/ROR2/MAGI2/KCTD17/NFE2L2/RAB11FIP3/MTOR/KAT2A/DISC1/MACF1/BAIAP2/EEF2K/ZFYVE27/RAB3IP/ATMIN/HAP1/MEGF8/PTPRD/CAMK2B/ALK/TBC1D24/PLXNA4/STK11/SHTN1/DPYSL3/FSCN1/PFN1/PALM/DEF8/AP2A1/FKBP1B/COBL/ARSB/WNT3A/PLXNA1/CBFA2T2/CORO1C/SEMA5A/CDC42EP3/RREB1/CYFIP1/PLXNB1/PIK3R1/DBN1/STK24/SEPTIN7/GPC2/RAC1/SETX/ARHGEF7/LIMK1/NDRG4/PLXNB2/LYN/BMP7/PPP2R5B/GRN/SCARB2/RET/C15orf62/EPS8L2/NTN1/ANAPC2/OBSL1/CDC42EP5/ITPKA/WASHC1/MAP2K1/EHD1/VIL1/ROBO3/MAPT/APC/SRC/NRDC/SAXO1/RP1/ITGA3/RAPGEF2/NTRK3/CUX2/TGFB3/KIDINS220/ELAVL4/DLG4/DSCAM/STMN2/RALA/NEURL1/PLK5/PTK6/TOX/CARMIL1/MIR200C/PTK2B/BDNF/APOE/SF3A2/ZMYND10/TENM2/ARHGAP35/NEDD9/MAP6/SCARF1/MARK2/NIN/GRIP1/ANKRD27/TNN/SEMA7A/FEZ1/DVL1/ACTR2/ZMYND8/DNM3/IGF1R/ITGA2/MIR431/CLRN1/DZIP1/MUSK/FBXW8/RAC2/ROBO2/BMPR2/KHDC3L/FGFR1/DVL2/PLXNC1/RHOQ/TMEM30A/RGMA/SS18L1/PLA2G3/GOLGA4/P2RX7/PROM2/PTK7/PACSIN1/EPHA4/KDM1A/RELN/ZNF804A/GPM6A/ROBO1/ABL2/ENC1/TRIM67/STAU2/ARPC2/SMURF1/NRP1/NPTN/RAP1A/IFT20/CCR7/IST1/FYN/SHOC2/CDC42EP4/VLDLR,205,BP
GO:0031252,cell leading edge,0.6027713625866051,433/19960,0.6027713625866051,1.5050433321526944,8.684239426266172,7.746447241033794e-18,5.949271481113954e-15,4.395089539912858e-15,PLCG2/PDLIM4/OPRD1/CARMIL2/SCRIB/CLIP1/SRGAP2/MYO10/KCNJ11/CARMIL3/PRKCZ/TIRAP/NF2/KCNA2/DUOX1/SSH1/ADORA1/ABL1/PSD4/WASF2/TIAM2/SPATA13/ACTN1/APBB1/TWF2/PIEZO1/EPS8L1/UNC5A/EVL/PLXND1/PTPRJ/RIPOR2/GNAS/SH3YL1/CAPZB/APBB2/KCNC4/MYH9/MTMR6/AKT1/ENAH/ANK1/INSR/PSD2/MTSS2/RAPGEF3/DLC1/PARVB/TLN2/CDH1/CADM4/TIAM1/FGD3/ITGB1/ABCA7/ARHGAP45/CDC42/AVIL/HIP1R/CNTNAP2/PDLIM7/SH3BP1/PDE9A/FAP/CTTN/DAGLA/PACSIN2/GABRG3/SPEF1/SHISA8/SLC9A1/PODXL/MYO9B/PSD/ATP2B2/FGD6/MYLK/BCAR1/HPCA/MACF1/BAIAP2/ADGRV1/ASAP3/ANTXR1/PSTPIP1/MYO1C/RAB3IP/MYO1D/FGD4/ARHGEF4/MKLN1/P4HB/ARFIP2/ITGAV/CDC42BPB/SHTN1/KANK1/EPHA2/DPYSL3/PPP1R9B/FSCN1/CSPG4/PIP5K1C/COBL/RIPOR1/SH3RF1/EZR/MTSS1/ROCK1/KSR1/CORO1C/PLEKHG5/SORBS2/SHISA9/APBB1IP/CYFIP1/CAPG/RAC1/KCNB1/ARHGEF7/LIMK1/AKT2/FIGNL2/SH2B2/ACTA2/MCC/ARHGEF2/GPER1/CYTH3/VEZT/MYO1G/DAG1/PXN/ACTB/EPS8L2/JCAD/ITSN1/SYNE2/SPTBN1/SH2D3C/VIL1/GABRA5/DPP9/DBNL/CTNNA3/MAPT/APC/AIF1L/PTPN13/SRC/ARAP3/EGFR/IQGAP1/RAB22A/WWC1/RHOA/FRMD4B/STMN2/GIT1/CDH2/DPP4/INPP5J/PSD3/PTPRO/MYO6/PTK6/KCNN4/CTNNA1/CARMIL1/ABLIM1/PTK2B/LMO4/SNX9/RASGRP2/CTTNBP2NL/DOCK8/NEDD9/BLOC1S6/SCIMP/FGD5/TESC/ARHGAP44/TLN1/RDX/PHACTR4/CDC42BPG/DUOXA2/DUOX2/SWAP70/PDE4A/SPRY4/SLC12A5/PLEKHO1/NHERF1/MTMR14/PLEK/CD2AP/IFIT5/TPM1/KCNC3/CLRN1/TRPV1/ABLIM3/AJUBA/RAC2/ROBO2/SH3BGRL3/IQGAP2/SLC1A2/DIAPH1/GSN/MYO5A/RPS3/CDC42BPA/FGR/PKD2/TRPM7/GABRA6/TSC1/FLOT2/LCP1/ITGA8/ADGRE2/INPP5K/KCNC1/CORO1A/BCAS3/ABI1/SNX2/AAK1/FAM107A/PACSIN1/CIB1/CLRN2/AKAP5/RNH1/BSPRY/ERBB2/LDB1/GBF1/FGD2/S100B/APPL2/CDK6/ARPC2/ARHGAP18/RASA1/AMPH/CTNND1/STON1/PTPRM/GRIA1/ARPC3/DST/MPP2/RIGI/PALLD/ARHGEF26/MYH10/ARHGAP31/PLCG1,261,CC
GO:0097060,synaptic membrane,0.5938189845474614,453/19960,0.5938189845474614,1.4826903842340917,8.493749882251782,3.818335740315776e-17,1.466240924281258e-14,1.0832015600158965e-14,PDLIM4/GRIK4/OPRD1/SLITRK5/SCRIB/OTOF/SRGAP2/SARM1/KCNJ11/PDE2A/PTPRS/LRP8/ABHD17A/KCNA2/GSG1L/GABBR2/SLC6A6/CLSTN1/ADORA1/KCNMA1/UTRN/EPHB2/DTNBP1/KCND2/GRIP2/SLC6A3/ANK2/GRIK5/IGSF21/SYNE1/CHRM1/KCNC4/CHRM3/CACNA1C/ASIC2/CSMD2/ANK1/PSEN2/UNC13A/ELFN2/NTNG2/SYT7/DENND1A/SEMA4D/CADM4/TIAM1/CACNG5/COL13A1/ITGB1/STXBP1/GRIN2D/LRFN4/GAD2/HIP1R/SSPN/IGSF9B/CNTN2/CNTNAP2/SORCS2/SNTA1/LRRC4B/DAGLA/NINJ1/GABRG3/SHISA8/SHANK2/GABRR1/TMUB1/CHRNA4/ATP2B2/NDUFS7/ADAM11/BAIAP2/PTCH1/ADCY8/GRID1/TMEM240/GRM5/MKLN1/PTPRD/SLC6A9/ABCC8/NEO1/ELFN1/ADGRL1/PPP1R9B/LRFN2/EXOC3/ERBB4/SLC6A7/SCN8A/RIMS4/TMEM108/P2RX4/CADM3/CRHR1/CACNG3/CASR/KCNH1/CHRNA5/SHISA9/PLXNB1/DBN1/CACNG2/CHRNA1/CACNG4/KCNB1/GPR179/GNAO1/SLC6A4/DLG2/IQSEC3/NOTCH1/KCNJ3/CACNA2D2/GPER1/RAPSN/KCNA1/CNIH3/CACNG8/DAG1/CHRM4/ITSN1/PICALM/UNC13B/GRIN1/APBA1/FARP1/GABRA5/GRIN2A/RIMS3/ADCY1/PI4K2A/SRC/HIP1/CNR2/PRR7/RPH3A/NIPSNAP1/ITGA3/EGFR/KCNJ4/TAMALIN/DNM2/ADAM23/DLG4/MTMR2/DRD2/CDH2/RALA/CHRNB3/PTPRO/SYDE1/SHANK3/ASIC1/SORCS3/NRP2/PCDH9/VANGL2/CLSTN3/PTPRT/FAIM2/LRP4/ACTN2/SEMA4B/STX1A/TENM2/FBXO2/AP2M1/GPHN/NRXN3/SLC6A2/NSG1/CHRNB4/ATP2B4/LINGO2/CHRNG/GRIP1/ERC1/CLSTN2/RGS9/LIN7B/GRIK3/PNOC/GRID2/HTR3A/GRM7/GRID2IP/NRXN2/SLC6A1/PTPRA/SLC12A5/PSEN1/STX11/DNM3/NETO2/GRIN3B/PICK1/NTNG1/CHRNA3/NECTIN1/HTR5A/GRIN3A/SUSD4/KCNC3/DNM1/TRPV1/CHRNA7/CACNG7/MUSK/FXYD6/SLC1A2/GABRR2/DGKI/HTR2A/CACNA2D3/PRKCG/LRRTM4/ABHD17C/SLC1A6/GABRB2/GABRA6/RYK/ZDHHC17/SEMA4F/CNTN5/GNB5/UNC13C/CLMP/ITGA8/CHRNE/HTR3B/KCNC1/GABRB3/PRRT1/KCTD8/TACR1/CPLX3/SYNDIG1/STX1B/EPHA4/VWC2/AKAP5/LRFN1/NRXN1/ZNRF2/ERBB2/NRCAM/GPM6A/SCN10A/SLC1A7/ERC2/SLC16A7/LHFPL4/CHRNA2/SLC6A11/NRP1/NPTN/KCND3/FLRT2/GRIA1/PPFIA2/NSG2/LRFN3/ANK3/NCAM2/SHC4/CHRNA10/IL31RA,269,CC
GO:0005938,cell cortex,0.6184615384615385,325/19960,0.6184615384615385,1.5442197032389677,8.0849520891214,1.1421356281229732e-15,2.9238672079948113e-13,2.160038959853623e-13,CLIP1/MYO10/ARHGAP33/PIEZO2/SEPTIN9/PRKCZ/NF2/FNBP1L/ADD3/COTL1/GYPC/TNFAIP2/PARD6G/ACTN1/MICAL3/OSBPL2/SPTBN5/PIEZO1/WDPCP/SLC38A8/LASP1/CAPZB/MYH9/MLPH/LLGL2/FGF1/AKT1/UNC13A/MTSS2/ACTN4/RAPGEF3/DLC1/SPTAN1/PDE4DIP/TRAK1/ITCH/MYO1A/CDH1/AXIN1/INSC/TMEM250/GIPC1/SPTBN2/GPSM1/STXBP1/MYRIP/HIP1R/CABP1/SPIRE1/FLNB/SH3BP1/TLE6/CTTN/WDR1/RYR1/CSNK1G2/MYO9B/MISP/PRKCB/MYO1C/MYO1D/IQGAP3/ACTR1A/MKLN1/ARFIP2/KANK1/CTBP1/AQP7/SEPTIN5/PPP1R9B/FSCN1/EXOC3/PDLIM2/MYZAP/PFN1/OOEP/RIMS4/COBL/TCHP/EXOC2/EZR/DENND2B/SEPTIN12/EXOC3L1/PARD3B/CORO1C/NSMF/BSN/DBN1/SEPTIN7/PHLDB1/RAC1/SEPTIN3/ARHGEF7/AKT2/FIGNL2/CLIP3/PPFIA1/PXN/ASTN2/ACTB/KNCN/UNC13B/FRY/SLC2A1/WASHC1/STIM1/PARD3/SPTBN1/EPB41/DBNL/RIMS3/EXOC6B/MYO7A/SPTBN4/PARD6B/HIP1/KIAA1614/TMEM201/PPFIA3/MPP7/EXOC7/IQGAP1/NOS2/SEPTIN8/SPTB/DLG4/RHOA/ASPH/CDH2/MYO6/SPIRE2/PTK2B/SNX9/DMTN/ACTN2/EXOC3L2/NEDD9/BFSP1/SLC4A1/RDX/CEP85/ERC1/MAEA/FGFR2/GRM7/ACTR2/C2CD2L/CLIC5/PSEN1/AKAP13/NEDD4/STIMATE/SHROOM1/EXOC3L4/FMN2/KCNC3/MYO1E/IQGAP2/PPFIBP1/GSN/FMNL1/KHDC3L/SEPTIN11/PKD2/EXOC4/CAPN2/NLRP5/SAPCD2/TBCB/CAP1/ACTN3/MYO5B/GAD1/NCL/UNC13C/TSC1/FLOT2/EPB42/CORO1A/GRB2/PPP1R9A/TMOD1/GMFG/LLGL1/ERC2/AKAP12/CTNND1/VCL/CALD1/GPSM2/DST/ITPR2/STK39/DSTN/FNBP1/TPM4/PLA2G4C/FRMPD1/MYH10/RAB10,201,CC
GO:0098984,neuron to neuron synapse,0.5898058252427184,412/19960,0.5898058252427184,1.4726700365079632,7.923781240000797,3.862966478121879e-15,6.462882383118636e-13,4.774525225467304e-13,DLGAP2/GRIK4/OPRD1/SLITRK5/SCRIB/SRGAP2/ADGRA1/ARHGAP33/DLGAP3/SORT1/PRKCZ/PTPRS/LRP8/PRKAR1B/ABHD17A/ADD3/CASP3/GSG1L/CLSTN1/ADORA1/ABL1/EPHB2/DTNBP1/ADD1/AGAP3/GRIP2/GRIK5/CAPZB/IGSF21/CHRM1/CAMK2G/CACNA1C/ASIC2/DTNB/CSMD2/BCR/IQSEC1/ELFN2/SYT7/TSC2/PRKN/TIAM1/CACNG5/ITGB1/GRIN2D/LRFN4/HIP1R/PDE4B/CABP1/IGSF9B/SYN3/CPEB3/SORCS2/LRRC4B/DAGLA/SHISA8/SHANK2/INPP4A/MAGI2/PSD/SYT12/ATP2B2/LNX1/DISC1/ADD2/BAIAP2/EEF2K/RPL30/ADGRB1/ADCY8/GRID1/TMEM240/DLGAP1/GRM5/SLC30A3/MKLN1/PTPRD/SLC6A9/CAMK2B/NEO1/MINK1/PLXNA4/ELFN1/PPP1R9B/LRFN2/C1QL3/ERBB4/SCN8A/PALM/SYN2/DLG5/TMEM108/P2RX4/NGFR/VTI1A/CRHR1/CACNG3/NSMF/KCNH1/SHISA9/BSN/NTSR1/RNF112/DBN1/CAMK2A/CACNG2/CACNG4/DLG2/IQSEC3/NOTCH1/CHD4/GPER1/SYNPO/CACNG8/RAPGEF4/GRIN1/RTN1/ITPR1/SPTBN1/HOMER3/DBNL/GRIN2A/ADCY1/PRR7/DAPK1/FRMPD2/FAM81A/TAMALIN/DNM2/TANC1/WWC1/ATP1A3/DLG4/MTMR2/GIT1/USP6/HOMER2/CDH2/NEURL1/PSD3/PTPRO/SHANK3/YWHAZ/ASIC1/SORCS3/INSYN1/PRNP/VANGL2/PTK2B/INSYN2B/CLSTN3/SIPA1L1/PTPRT/CPEB1/KALRN/DMTN/LRP4/ACTN2/SEMA4B/SLC8A3/NCS1/CTNND2/GPHN/ARHGAP44/GRIP1/NOS1/CDK5R1/CLSTN2/RGS9/SLC39A3/LIN7B/GRIK3/SRCIN1/GRID2/SHARPIN/DVL1/GRM7/DNAJB1/GRID2IP/INSYN2A/PAK6/DNM3/NETO2/GRIN3B/PICK1/CHRNA3/NECTIN1/GRIN3A/HOMER1/NCK2/EIF3A/CACNG7/BMPR2/PDPK1/DGKI/RPS19/RPS3/SEPTIN11/PRKCG/PAK2/RTN3/ABHD17C/CAP2/PLXNC1/CADM1/RYK/GNAI2/SEMA4F/RPS14/ANKS1B/TSC1/ITGA8/PRRT1/RTN4/ABI1/SYNDIG1/SYT9/PPP1R9A/P2RX3/PKP4/EPHA4/AKAP5/LRFN1/CPEB4/ARFGEF2/NRCAM/MAL2/SLC16A7/NPTN/BACE1/NEFH/SH3GL3/TNIK/CTNND1/GRIA1/PPFIA2/NSG2/GPSM2/LRFN3/MPP2/KPNA1/FYN/LZTS1,243,CC
GO:0099572,postsynaptic specialization,0.5934343434343434,396/19960,0.5934343434343434,1.4817299843569545,7.914061241690575,4.207605718176195e-15,6.462882383118636e-13,4.774525225467304e-13,DLGAP2/GRIK4/OPRD1/SLITRK5/SCRIB/SRGAP2/ADGRA1/ARHGAP33/DLGAP3/PRKCZ/PTPRS/LRP8/ABHD17A/ADD3/CASP3/GSG1L/CLSTN1/ABL1/DTNBP1/ADD1/AGAP3/KCND2/GRIP2/GRIK5/CAPZB/IGSF21/CHRM1/CAMK2G/CACNA1C/ASIC2/DTNB/DLGAP4/CSMD2/SIPA1L3/BCR/IQSEC1/ELFN2/TSC2/ERBIN/PRKN/TIAM1/CACNG5/GRIN2D/LRFN4/HIP1R/PDE4B/CABP1/IGSF9B/SYN3/CPEB3/SORCS2/LRRC4B/DAGLA/SHISA8/SHANK2/INPP4A/MAGI2/PSD/ATP2B2/DISC1/ADD2/BAIAP2/EEF2K/RPL30/ADGRB1/ADCY8/GRID1/TMEM240/DLGAP1/GRM5/MKLN1/SLC6A9/CAMK2B/NEO1/MINK1/ELFN1/PPP1R9B/LRFN2/ERBB4/SCN8A/PALM/SYN2/DLG5/TMEM108/P2RX4/NGFR/CRHR1/CACNG3/NSMF/KCNH1/SHISA9/BSN/RNF112/DBN1/CAMK2A/CACNG2/CHRNA1/CACNG4/KCNB1/LYN/DLG2/IQSEC3/NOTCH1/GPER1/RAPSN/SYNPO/CACNG8/GRIN1/RTN1/ITPR1/SPTBN1/GABRA5/HOMER3/DBNL/GRIN2A/ADCY1/SRC/PRR7/DAPK1/FRMPD2/FAM81A/TAMALIN/DNM2/TANC1/WWC1/DLG4/MTMR2/GIT1/USP6/HOMER2/CDH2/NEURL1/PSD3/PTPRO/SHANK3/ASIC1/SORCS3/INSYN1/PRNP/VANGL2/PTK2B/INSYN2B/CLSTN3/SIPA1L1/PTPRT/CPEB1/KALRN/DMTN/LRP4/ACTN2/SEMA4B/SLC8A3/NCS1/CTNND2/GPHN/CHRNB4/ZDHHC5/ARHGAP44/GRIP1/NOS1/CDK5R1/CLSTN2/RGS9/LIN7B/GRIK3/SRCIN1/GRID2/SHARPIN/DVL1/DNAJB1/GRID2IP/INSYN2A/PAK6/SLC12A5/DNM3/NETO2/GRIN3B/PICK1/CHRNA3/HTR5A/GRIN3A/HOMER1/NCK2/EIF3A/CACNG7/BMPR2/PDPK1/DGKI/RPS19/RPS3/SEPTIN11/PRKCG/PAK2/RTN3/ABHD17C/GABRB2/GABRA6/CAP2/CADM1/RYK/SEMA4F/RPS14/ANKS1B/TSC1/ITGA8/GABRB3/PRRT1/RTN4/ABI1/SYNDIG1/PPP1R9A/PKP4/EPHA4/AKAP5/LRFN1/CPEB4/NRCAM/SLC16A7/LHFPL4/NPTN/KCND3/NEFH/SH3GL3/TNIK/CTNND1/GRIA1/PPFIA2/NSG2/GPSM2/LRFN3/MPP2/KPNA1/FYN/LZTS1/CHRNA10,235,CC
GO:0001726,ruffle,0.6756756756756757,185/19960,0.6756756756756757,1.6870761178992353,7.673781569521675,2.876125276345594e-14,3.68144035372236e-12,2.719704427982939e-12,PLCG2/CARMIL2/CLIP1/MYO10/TIRAP/NF2/ABL1/PSD4/WASF2/SPATA13/ACTN1/EPS8L1/PTPRJ/GNAS/SH3YL1/MYH9/MTMR6/PSD2/MTSS2/DLC1/TLN2/TIAM1/FGD3/ITGB1/ABCA7/ARHGAP45/HIP1R/PDLIM7/PDE9A/FAP/CTTN/PACSIN2/PODXL/MYO9B/PSD/FGD6/BCAR1/MACF1/BAIAP2/ASAP3/MYO1C/FGD4/ARHGEF4/MKLN1/ARFIP2/ITGAV/KANK1/EPHA2/PPP1R9B/FSCN1/CSPG4/PIP5K1C/COBL/EZR/MTSS1/ROCK1/KSR1/CORO1C/CYFIP1/CAPG/RAC1/ARHGEF7/AKT2/SH2B2/ARHGEF2/CYTH3/EPS8L2/JCAD/SH2D3C/VIL1/DBNL/APC/AIF1L/SRC/ARAP3/EGFR/IQGAP1/RAB22A/WWC1/RHOA/FRMD4B/INPP5J/PSD3/MYO6/PTK6/KCNN4/SNX9/RASGRP2/BLOC1S6/SCIMP/FGD5/TESC/TLN1/PDE4A/SPRY4/PLEKHO1/NHERF1/MTMR14/PLEK/CD2AP/IFIT5/TPM1/SH3BGRL3/DIAPH1/MYO5A/RPS3/FGR/TRPM7/LCP1/ADGRE2/INPP5K/FAM107A/PACSIN1/CIB1/ERBB2/FGD2/S100B/APPL2/CDK6/ARHGAP18/RASA1/RIGI/PALLD/ARHGEF26/PLCG1,125,CC
GO:0032279,asymmetric synapse,0.5893333333333334,375/19960,0.5893333333333334,1.4714902843799518,7.533617317485999,7.652670280250039e-14,8.002704770826379e-12,5.912085898403808e-12,DLGAP2/GRIK4/OPRD1/SLITRK5/SCRIB/SRGAP2/ADGRA1/ARHGAP33/DLGAP3/SORT1/PRKCZ/PTPRS/LRP8/ABHD17A/ADD3/CASP3/GSG1L/CLSTN1/ADORA1/ABL1/DTNBP1/ADD1/AGAP3/GRIP2/GRIK5/CAPZB/IGSF21/CHRM1/CAMK2G/CACNA1C/ASIC2/DTNB/CSMD2/BCR/IQSEC1/ELFN2/TSC2/PRKN/TIAM1/CACNG5/ITGB1/GRIN2D/LRFN4/HIP1R/PDE4B/CABP1/IGSF9B/SYN3/CPEB3/SORCS2/LRRC4B/DAGLA/SHISA8/SHANK2/INPP4A/MAGI2/PSD/ATP2B2/DISC1/ADD2/BAIAP2/EEF2K/RPL30/ADGRB1/ADCY8/GRID1/TMEM240/DLGAP1/GRM5/SLC6A9/CAMK2B/NEO1/MINK1/PLXNA4/ELFN1/PPP1R9B/LRFN2/ERBB4/SCN8A/PALM/SYN2/DLG5/TMEM108/P2RX4/NGFR/CRHR1/CACNG3/NSMF/KCNH1/SHISA9/BSN/RNF112/DBN1/CAMK2A/CACNG2/CACNG4/DLG2/IQSEC3/NOTCH1/CHD4/GPER1/SYNPO/CACNG8/GRIN1/RTN1/ITPR1/SPTBN1/HOMER3/DBNL/GRIN2A/ADCY1/PRR7/DAPK1/FRMPD2/FAM81A/TAMALIN/DNM2/TANC1/WWC1/DLG4/MTMR2/GIT1/USP6/HOMER2/CDH2/NEURL1/PSD3/PTPRO/SHANK3/ASIC1/SORCS3/INSYN1/PRNP/VANGL2/PTK2B/INSYN2B/CLSTN3/SIPA1L1/PTPRT/CPEB1/KALRN/DMTN/LRP4/ACTN2/SEMA4B/SLC8A3/NCS1/CTNND2/GPHN/ARHGAP44/GRIP1/NOS1/CDK5R1/CLSTN2/RGS9/LIN7B/GRIK3/SRCIN1/GRID2/SHARPIN/DVL1/GRM7/DNAJB1/GRID2IP/INSYN2A/PAK6/DNM3/NETO2/GRIN3B/PICK1/CHRNA3/GRIN3A/HOMER1/NCK2/EIF3A/CACNG7/BMPR2/PDPK1/DGKI/RPS19/RPS3/PRKCG/PAK2/RTN3/ABHD17C/CAP2/PLXNC1/CADM1/RYK/SEMA4F/RPS14/ANKS1B/TSC1/ITGA8/PRRT1/RTN4/ABI1/SYNDIG1/PPP1R9A/PKP4/EPHA4/AKAP5/LRFN1/CPEB4/ARFGEF2/NRCAM/SLC16A7/NPTN/NEFH/SH3GL3/TNIK/CTNND1/GRIA1/PPFIA2/NSG2/GPSM2/LRFN3/MPP2/KPNA1/FYN/LZTS1,221,CC
GO:0014069,postsynaptic density,0.5933147632311978,359/19960,0.5933147632311978,1.4814314078177018,7.523492481254256,8.336150802944144e-14,8.002704770826379e-12,5.912085898403808e-12,DLGAP2/GRIK4/OPRD1/SLITRK5/SCRIB/SRGAP2/ADGRA1/ARHGAP33/DLGAP3/PRKCZ/PTPRS/LRP8/ABHD17A/ADD3/CASP3/GSG1L/CLSTN1/ABL1/DTNBP1/ADD1/AGAP3/GRIP2/GRIK5/CAPZB/IGSF21/CHRM1/CAMK2G/CACNA1C/ASIC2/DTNB/CSMD2/BCR/IQSEC1/ELFN2/TSC2/PRKN/TIAM1/CACNG5/GRIN2D/LRFN4/HIP1R/PDE4B/CABP1/IGSF9B/SYN3/CPEB3/SORCS2/LRRC4B/DAGLA/SHISA8/SHANK2/INPP4A/MAGI2/PSD/ATP2B2/DISC1/ADD2/BAIAP2/EEF2K/RPL30/ADGRB1/ADCY8/GRID1/TMEM240/DLGAP1/GRM5/SLC6A9/CAMK2B/NEO1/MINK1/ELFN1/PPP1R9B/LRFN2/ERBB4/SCN8A/PALM/SYN2/DLG5/TMEM108/P2RX4/NGFR/CRHR1/CACNG3/NSMF/KCNH1/SHISA9/BSN/RNF112/DBN1/CAMK2A/CACNG2/CACNG4/DLG2/IQSEC3/NOTCH1/GPER1/SYNPO/CACNG8/GRIN1/RTN1/ITPR1/SPTBN1/HOMER3/DBNL/GRIN2A/ADCY1/PRR7/DAPK1/FRMPD2/FAM81A/TAMALIN/DNM2/TANC1/WWC1/DLG4/MTMR2/GIT1/USP6/HOMER2/CDH2/NEURL1/PSD3/PTPRO/SHANK3/ASIC1/SORCS3/INSYN1/PRNP/VANGL2/PTK2B/INSYN2B/CLSTN3/SIPA1L1/PTPRT/CPEB1/KALRN/DMTN/LRP4/ACTN2/SEMA4B/SLC8A3/NCS1/CTNND2/GPHN/ARHGAP44/GRIP1/NOS1/CDK5R1/CLSTN2/RGS9/LIN7B/GRIK3/SRCIN1/GRID2/SHARPIN/DVL1/DNAJB1/GRID2IP/INSYN2A/PAK6/DNM3/NETO2/GRIN3B/PICK1/CHRNA3/GRIN3A/HOMER1/NCK2/EIF3A/CACNG7/BMPR2/PDPK1/DGKI/RPS19/RPS3/PRKCG/PAK2/RTN3/ABHD17C/CAP2/CADM1/RYK/SEMA4F/RPS14/ANKS1B/TSC1/ITGA8/PRRT1/RTN4/ABI1/SYNDIG1/PPP1R9A/PKP4/EPHA4/AKAP5/LRFN1/CPEB4/NRCAM/SLC16A7/NPTN/NEFH/SH3GL3/TNIK/CTNND1/GRIA1/PPFIA2/NSG2/GPSM2/LRFN3/MPP2/KPNA1/FYN/LZTS1,213,CC
GO:0031256,leading edge membrane,0.6593406593406593,182/19960,0.6593406593406593,1.6462896623016712,7.158939277855298,1.2903239168664029e-12,1.1010764090593304e-10,8.134322703988202e-11,PLCG2/OPRD1/KCNJ11/TIRAP/NF2/KCNA2/ADORA1/PSD4/SPATA13/PIEZO1/EPS8L1/UNC5A/PLXND1/PTPRJ/RIPOR2/SH3YL1/KCNC4/MTMR6/ANK1/INSR/PSD2/MTSS2/DLC1/TIAM1/ITGB1/ABCA7/ARHGAP45/CDC42/HIP1R/CNTNAP2/PDE9A/FAP/DAGLA/PACSIN2/GABRG3/SHISA8/PSD/ATP2B2/HPCA/MACF1/ADGRV1/ANTXR1/MYO1C/MYO1D/ARHGEF4/ITGAV/KANK1/EPHA2/PPP1R9B/CSPG4/PIP5K1C/EZR/KSR1/CORO1C/SHISA9/RAC1/KCNB1/AKT2/ARHGEF2/GPER1/VEZT/MYO1G/EPS8L2/JCAD/SYNE2/SPTBN1/SH2D3C/GABRA5/MAPT/APC/AIF1L/SRC/EGFR/WWC1/RHOA/DPP4/PSD3/MYO6/KCNN4/RASGRP2/DOCK8/SCIMP/FGD5/TESC/ARHGAP44/TLN1/PDE4A/SPRY4/SLC12A5/PLEKHO1/PLEK/IFIT5/TPM1/KCNC3/TRPV1/ROBO2/SH3BGRL3/SLC1A2/DIAPH1/RPS3/FGR/GABRA6/LCP1/ITGA8/ADGRE2/INPP5K/KCNC1/FAM107A/PACSIN1/CIB1/CLRN2/AKAP5/ERBB2/FGD2/APPL2/AMPH/GRIA1/MPP2/RIGI/PLCG1,120,CC
GO:0045177,apical part of cell,0.5548523206751055,474/19960,0.5548523206751055,1.385395586774469,6.940831809595489,4.8774090915510025e-12,3.74585018231117e-10,2.767287895101042e-10,EDAR/CDHR2/OTOA/PLAT/PRKCZ/SLC5A6/MYO7B/NF2/SLCO3A1/DUOX1/SPECC1/SLC9A3/SLC5A10/ITPK1/SLC2A9/ATP4B/SLC6A6/CYP4F2/KCNMA1/KCNQ1/PARD6G/SPTBN5/WDPCP/SCNN1A/ANK2/RIPOR2/GNAS/EMP2/AJAP1/SIPA1L3/SLC4A5/LCT/ABCC1/LMO7/VASH1/KCNE4/NAALADL1/SLC34A1/SLC11A2/HVCN1/MYO1A/ANO1/INSC/ARHGEF18/SPTBN2/LRRC15/CEACAM7/CDC42/HIP1R/ERBB3/FAP/GM2A/PTPRH/TF/CTSB/ABCC11/SPEF1/SLC7A1/SLC9A1/SHANK2/PODXL/AJM1/UPK2/ATP2B2/RAPGEF6/CYP4F12/RAB17/PLD1/PTCH1/PDGFRB/ADCY8/AQP1/SLC26A6/DLL1/TCIRG1/ITPR3/CYBRD1/SLC6A9/ACY3/PDE4D/ANXA13/MUC20/PATJ/SLC24A4/ATP8B1/AP2A1/DPEP1/CSPG4/PALM2AKAP2/SLC39A14/TCHP/MFSD4B/EZR/PARD3B/UPK3A/CASR/TMEM235/SORBS2/TLR9/LDLR/FXYD1/JAG1/SLC7A11/SEPTIN7/KCNB1/ABCC4/ABCC2/SNX10/SLC22A18/PLB1/NOTCH1/LHFPL5/CA12/KCNA1/SLC47A1/SLC47A2/STC1/KNCN/PDZK1/SLC2A1/SLC29A1/TRPV5/IL6R/SLC3A2/AMN/PARD3/SLC22A4/OTOG/MYO7A/CD300LG/SLC28A1/PARD6B/PROM1/KIAA1614/SLC6A18/SLCO2B1/EGFR/FRMPD2/CEACAM1/KCNE1/RAPGEF2/MTCL1/SLC22A1/SLC2A7/SLC4A2/CEACAM6/IQGAP1/REN/SLC39A8/ATP1B1/MPP3/ATP6V0D1/SLC6A20/HOMER2/CDH2/DPP4/EPCAM/PTPRO/MYO6/NHERF2/NRG1/VANGL2/ACTG1/CNTFR/USH1C/HYAL2/KCNA5/ZMYND10/CRB3/SLC14A2/FRMD6/SLC4A9/DCHS1/SLC29A4/P2RY6/NIN/SLC7A8/RDX/MIP/DUOXA2/DUOX2/CUBN/SLC23A2/ATP6V1B1/NOD1/SLC9A8/SLC39A3/C2CD2L/SLC39A10/CLIC5/SVBP/SLC7A9/NHERF1/HPN/SHROOM1/HOMER1/SLC6A19/IFIT5/SLC7A5/C1QTNF5/BMPR2/CEACAM20/CNKSR3/SLC19A1/ACP3/SLC26A11/SLC5A11/SLC5A2/LGMN/RAB27B/MYO1B/DSTYK/TRPM6/DVL2/TEK/SLC39A4/KISS1/SAPCD2/KCNE2/SLC22A3/MYO5B/ABCB11/MAL/FRMD1/TMEM30A/SLC43A1/ABCB1/SLC5A3/SLC12A3/ITGA8/PROM2/OXTR/PALS1/NUMB/AKR1A1/CIB1/CRB1/ECRG4/IGFBP2/IGSF5/SLC12A2/AQP5/SLC22A13/ERBB2/AQP8/RHCG/MAL2/APP/SLC22A8/AQP6/NPC1L1/EPB41L4B/ACVR1/SLC36A1/GABRP/ATP6V1G1/TNIK/SLC20A2/STK39/MGAM/SLC2A13/ABCG2/SCNN1B,263,CC
GO:0003779,actin binding,0.6235827664399093,441/18737,0.6235827664399093,1.497765708855862,8.934094063435369,6.299834991989377e-19,8.013390109810488e-16,6.392674665555538e-16,PDLIM4/DNASE1/ESPNL/MYO10/VPS16/MPRIP/MYO7B/NOS3/NF2/PRKCE/ADD3/NOD2/SSH1/MYH11/MYBPC3/CORO7/MARCKSL1/COTL1/ABL1/KCNMA1/UTRN/WASF2/ACTN1/MICAL3/ADD1/TWF2/CAMSAP3/SPTBN5/PFN3/RCSD1/EPS8L1/PLEC/EVL/MRTFA/LASP1/TNNI3/CAPZB/CSRP3/SYNE1/MYH9/MLPH/ENAH/MYO18B/CROCC/MTSS2/ACTN4/SPTAN1/PARVB/VASH1/KLHL20/TLN2/MYH3/MYO1A/PLEKHG3/MYO3B/MYH7B/PRKN/GIPC1/SPTBN2/ABLIM2/FMN1/ITGB1/AVIL/FLNC/MYRIP/S100A4/HIP1R/SPIRE1/FLNB/PDLIM7/PHACTR1/SNTG2/SNTA1/MICAL2/WDR1/SPEF1/TNNI1/FHOD3/MYO9B/FBXO25/MISP/PHACTR3/MYLK/PACRG/ADD2/HPCA/MACF1/EPB41L1/LSP1/LDB3/INO80/ARPC1B/ARPC1A/ANTXR1/ADCY8/PSTPIP1/MYO1C/MYO1D/GAS2L2/IQGAP3/CORO2A/FGD4/CAMK2B/P4HB/ACE/TNS4/SHTN1/PPP1R9B/FSCN1/PDLIM2/MYO5C/MAP1A/PFN1/TNS1/SYNPO2L/COBL/EZR/MTSS1/DYRK1A/SVIL/CORO1C/MYH13/MYL3/CYFIP1/DBN1/CAPG/SYNE3/CORO2B/BAIAP2L1/AFAP1/MYH14/CORO6/MYO15A/SLC6A4/PRICKLE4/NEBL/SYNPO/LRRC10/MYO1G/DAG1/ANG/EPS8L2/SYNE2/WASHC1/SORBS1/TMOD4/SPTBN1/WIPF3/VIL1/EPB41/VILL/DBNL/CTNNA3/ADSS1/INF2/MAPT/MYO7A/SPTBN4/AIF1L/HIP1/TMEM201/SMTN/FXYD5/EGFR/CEACAM1/SETD3/AFDN/TAGLN2/IQGAP1/TNNC2/CLMN/MAP1S/SPTB/TNNT3/HOMER2/MYO6/SHANK3/SPIRE2/CTNNA1/ABLIM1/FSCN2/GAS7/TBC1D21/MYO19/MIB2/TRIOBP/DMTN/ACTN2/TNNT2/MYO18A/SLC6A2/BLOC1S6/TLN1/RDX/PHACTR4/CDK5R1/MAEA/HCLS1/DAAM2/SSH2/LIMCH1/PKNOX2/PARVG/TLNRD1/ACTR2/ACTR3B/BIN1/TULP1/PICK1/LRRC27/PSTPIP2/SHROOM1/CD2AP/FMN2/MYBPC2/TPM1/MYO1F/MYO1E/ABLIM3/AJUBA/IQGAP2/DIAPH1/MYH6/PANX1/AMOTL2/GSN/FMNL1/MYO5A/ARPC5L/MYO1B/ITPRID2/TRPM7/CAP2/FMNL2/CAP1/ACTN3/MYO5B/PHACTR2/HDGF/MYO16/LCP1/MYL2/MYOZ3/ANXA8/CORO1A/IMPACT/MYPN/FAM107A/LRRK2/PPP1R9A/TMOD1/GMFG/ESPN/ABL2/FLII/ENC1/ARPC2/PXK/GAS2L1/MYH7/XIRP2/KLHL3/DAAM1/COBLL1/VCL/ARPC3/CALD1/DST/SYNPO2/MICALL2/ALKBH4/DSTN/TPM4/PALLD/MYH10,275,MF
GO:0030695,GTPase regulator activity,0.594704684317719,491/18737,0.594704684317719,1.4284042648456736,8.12446970319039,5.941003705406719e-16,2.518985571092449e-13,2.0095184463200273e-13,TBC1D16/ARHGEF3/WDR41/RAPGEFL1/RASGEF1C/ACAP3/TBC1D14/SRGAP2/TBC1D22A/RAPGEF1/RHOD/ARHGAP33/TBCD/FLCN/ARFGEF3/EEF1D/SMAP1/DOCK2/KNDC1/CDC42EP2/ARL2BP/RABGAP1L/SBF1/RASA3/CCDC88C/ASAP1/PSD4/TIAM2/SPATA13/DENND2A/SIPA1L2/AGAP3/EPS8L1/DENND10/RABEP2/LLGL2/SH3BP4/RIN3/SIPA1L3/PSD2/BCR/VAV2/MTSS2/RAPGEF3/IQSEC1/DLC1/ARHGAP22/PREX1/TRIO/ARAP1/AGAP1/PLEKHG3/DENND1A/TSC2/ARHGEF18/TIAM1/FGD3/GPSM1/ARHGAP45/MCF2L2/DOCK1/ARHGEF10L/DAB2IP/ARHGAP23/DOCK3/CHN2/EVI5/TBC1D4/SH3BP1/ALS2CL/ELMO1/TBC1D8/RGS12/RABEP1/OBSCN/RASGEF1A/MYO9B/ARHGEF11/PSD/GRTP1/ARFGAP2/RGS3/SIRPA/ARHGAP39/BCAR3/SBF2/FGD6/FARP2/TBC1D22B/RAPGEF6/TBC1D9B/CYTH4/ABR/RAP1GAP/ASAP3/TNK2/RAP1GAP2/PDGFRB/ARHGEF16/RALGPS1/RAB3IP/IQGAP3/ARHGEF10/FGD4/ARHGEF4/ARHGAP10/ASAP2/PLEKHG4B/PLCB1/RANBP3/RHOU/TBC1D24/ARHGEF28/NUCB2/RANGAP1/DENND3/ARFGAP1/ARHGAP26/SH3BP5/DOCK4/SRGAP3/ARHGEF15/RALGDS/DENND2B/TBC1D5/SGSM3/EVI5L/TBC1D19/ARHGEF25/PLEKHG5/RGS11/ARHGDIG/PLXNB1/PLEKHG6/SERGEF/NF1/AGAP11/ARHGEF7/RIC8A/DOCK9/PLEKHG1/IQSEC3/ARHGEF2/NGEF/MCF2L/CYTH3/RGP1/GAPVD1/RAPGEF4/EPS8L2/ITSN1/EIF2B3/HPS4/ARHGAP24/GMIP/FARP1/SH2D3C/SGSM1/RGS8/HERC1/RIN2/HPS1/ARHGAP15/RAPGEF2/RASAL1/DOCK6/ARHGEF17/IQGAP1/USP6NL/GIT2/RASA4/HERC2/DEPDC1B/GIT1/PSD3/SYDE1/SOS2/ARHGAP25/NPRL3/ARHGAP8/TBC1D21/ADAP1/SIPA1L1/DENND1C/ALDH1A1/KALRN/RASAL2/TBC1D2B/RASGRP2/TBC1D1/DOCK8/RGS6/ARHGAP35/RCC1/AGFG2/RCC1L/FGD5/VPS9D1/ARHGEF33/ARHGAP44/ARHGAP9/RGS20/TAGAP/ANKRD27/CYTH1/RGS9/HMGCR/TBC1D15/ARHGAP1/SWAP70/SMCR8/RASGRF1/RGPD1/AKAP13/RHOH/KIAA1755/FAM13A/ADAP2/SRGAP1/TBC1D13/RASGEF1B/VAV1/RALBP1/ARHGAP30/SMAP2/GPS1/ARHGEF1/RASGRP1/RASGRP4/RANBP1/RGL3/IQGAP2/SGSM2/SH3BP5L/ARHGAP29/RGS10/RASA2/TBC1D2/LAMTOR3/RGPD8/ARRB1/GNB5/GNAQ/RCC2/RAB3IL1/PLEKHG7/RGL1/ARFGAP3/STARD13/RCBTB2/GPS2/GRB2/DOCK10/CYTH2/RASGRF2/LRRK2/GDPGP1/ARHGEF39/ARHGAP17/ARFGEF1/DENND5A/ARFGEF2/RABIF/TBC1D17/SEC23A/MADD/GBF1/LLGL1/FGD2/RABGEF1/RIN1/VAV3/ARHGAP18/NRP1/RASA1/RAP1A/TBC1D20/ECT2L/RALGAPB/GPSM2/MON1A/AGAP2/SLC38A9/RANBP2/NCKAP1L/DOCK5/ARHGEF26/ARHGAP31/DENND5B/DNMBP/PLCG1/FAM13B,292,MF
GO:0060589,nucleoside-triphosphatase regulator activity,0.594704684317719,491/18737,0.594704684317719,1.4284042648456736,8.12446970319039,5.941003705406719e-16,2.518985571092449e-13,2.0095184463200273e-13,TBC1D16/ARHGEF3/WDR41/RAPGEFL1/RASGEF1C/ACAP3/TBC1D14/SRGAP2/TBC1D22A/RAPGEF1/RHOD/ARHGAP33/TBCD/FLCN/ARFGEF3/EEF1D/SMAP1/DOCK2/KNDC1/CDC42EP2/ARL2BP/RABGAP1L/SBF1/RASA3/CCDC88C/ASAP1/PSD4/TIAM2/SPATA13/DENND2A/SIPA1L2/AGAP3/EPS8L1/DENND10/RABEP2/LLGL2/SH3BP4/RIN3/SIPA1L3/PSD2/BCR/VAV2/MTSS2/RAPGEF3/IQSEC1/DLC1/ARHGAP22/PREX1/TRIO/ARAP1/AGAP1/PLEKHG3/DENND1A/TSC2/ARHGEF18/TIAM1/FGD3/GPSM1/ARHGAP45/MCF2L2/DOCK1/ARHGEF10L/DAB2IP/ARHGAP23/DOCK3/CHN2/EVI5/TBC1D4/SH3BP1/ALS2CL/ELMO1/TBC1D8/RGS12/RABEP1/OBSCN/RASGEF1A/MYO9B/ARHGEF11/PSD/GRTP1/ARFGAP2/RGS3/SIRPA/ARHGAP39/BCAR3/SBF2/FGD6/FARP2/TBC1D22B/RAPGEF6/TBC1D9B/CYTH4/ABR/RAP1GAP/ASAP3/TNK2/RAP1GAP2/PDGFRB/ARHGEF16/RALGPS1/RAB3IP/IQGAP3/ARHGEF10/FGD4/ARHGEF4/ARHGAP10/ASAP2/PLEKHG4B/PLCB1/RANBP3/RHOU/TBC1D24/ARHGEF28/NUCB2/RANGAP1/DENND3/ARFGAP1/ARHGAP26/SH3BP5/DOCK4/SRGAP3/ARHGEF15/RALGDS/DENND2B/TBC1D5/SGSM3/EVI5L/TBC1D19/ARHGEF25/PLEKHG5/RGS11/ARHGDIG/PLXNB1/PLEKHG6/SERGEF/NF1/AGAP11/ARHGEF7/RIC8A/DOCK9/PLEKHG1/IQSEC3/ARHGEF2/NGEF/MCF2L/CYTH3/RGP1/GAPVD1/RAPGEF4/EPS8L2/ITSN1/EIF2B3/HPS4/ARHGAP24/GMIP/FARP1/SH2D3C/SGSM1/RGS8/HERC1/RIN2/HPS1/ARHGAP15/RAPGEF2/RASAL1/DOCK6/ARHGEF17/IQGAP1/USP6NL/GIT2/RASA4/HERC2/DEPDC1B/GIT1/PSD3/SYDE1/SOS2/ARHGAP25/NPRL3/ARHGAP8/TBC1D21/ADAP1/SIPA1L1/DENND1C/ALDH1A1/KALRN/RASAL2/TBC1D2B/RASGRP2/TBC1D1/DOCK8/RGS6/ARHGAP35/RCC1/AGFG2/RCC1L/FGD5/VPS9D1/ARHGEF33/ARHGAP44/ARHGAP9/RGS20/TAGAP/ANKRD27/CYTH1/RGS9/HMGCR/TBC1D15/ARHGAP1/SWAP70/SMCR8/RASGRF1/RGPD1/AKAP13/RHOH/KIAA1755/FAM13A/ADAP2/SRGAP1/TBC1D13/RASGEF1B/VAV1/RALBP1/ARHGAP30/SMAP2/GPS1/ARHGEF1/RASGRP1/RASGRP4/RANBP1/RGL3/IQGAP2/SGSM2/SH3BP5L/ARHGAP29/RGS10/RASA2/TBC1D2/LAMTOR3/RGPD8/ARRB1/GNB5/GNAQ/RCC2/RAB3IL1/PLEKHG7/RGL1/ARFGAP3/STARD13/RCBTB2/GPS2/GRB2/DOCK10/CYTH2/RASGRF2/LRRK2/GDPGP1/ARHGEF39/ARHGAP17/ARFGEF1/DENND5A/ARFGEF2/RABIF/TBC1D17/SEC23A/MADD/GBF1/LLGL1/FGD2/RABGEF1/RIN1/VAV3/ARHGAP18/NRP1/RASA1/RAP1A/TBC1D20/ECT2L/RALGAPB/GPSM2/MON1A/AGAP2/SLC38A9/RANBP2/NCKAP1L/DOCK5/ARHGEF26/ARHGAP31/DENND5B/DNMBP/PLCG1/FAM13B,292,MF
GO:0005543,phospholipid binding,0.5870445344129555,494/18737,0.5870445344129555,1.4100055686829314,7.7999070580374905,7.70900352719905e-15,2.451463121649298e-12,1.9556524737420755e-12,GABARAPL2/CARMIL2/OSBPL5/TECPR1/TPCN2/MYO10/ARHGAP33/SNX29/TIRAP/PLA2G2E/SH3PXD2A/SLC9A3/GAS6/ABCG1/DOC2A/CLVS1/ASAP1/PSD4/CIDEA/KCNQ1/CPNE9/MAP1LC3C/OSBPL2/TWF2/SYT13/WDPCP/PAFAH2/RCSD1/PIGK/TRIM72/SH3YL1/NR5A2/OSBPL10/DYSF/PLEKHB2/NLRP3/ZCCHC14/APOA5/TREM2/AKT1/PEBP1/RPS6KC1/PSD2/UNC13A/MTSS2/CERT1/PREX1/PLEKHA4/ARAP1/AGAP1/SYT7/SNX8/FES/DENND1A/SCARB1/WDR45B/SPTBN2/OSBPL1A/THBS1/CPNE2/AVIL/VPS13B/PLA2G2D/HIP1R/LDLRAP1/DAB2IP/SYT2/SNX20/TNFAIP8L3/GRK5/PLA2G2C/ANXA4/SNX14/PACSIN2/SLC9A1/OBSCN/EPN2/PSD/PACSIN3/MYOF/SYT12/ZFYVE1/SBF2/GLE1/ANXA11/ATP13A2/RAPGEF6/HS1BP3/PITPNM2/CD300LF/TOM1L2/PLD1/ADGRB1/KIF16B/SEC14L2/ITPR3/PXDC1/PLCB1/ABCA1/ARFIP2/PIK3C2A/GSDMD/ANXA13/ATG2A/PIK3C2B/ARHGAP26/ATP8B1/PFN1/PLA2G5/DPEP1/SH3PXD2B/RUBCN/WIPI1/BAD/ALOX15/SNX15/MTSS1/NISCH/SEPTIN12/SVIL/MYCBPAP/PARD3B/GRAMD1B/KCNH1/MAP1LC3A/CAPG/STAP1/APOC1/JAG1/NF1/ANKFY1/BAIAP2L2/PLCB2/SNX10/PCYT1A/ESYT3/PITPNC1/ENTHD1/MCF2L/BLTP2/SCARB2/CYTH3/MYO1G/TOM1/PICALM/UNC13B/ESYT1/ITPR1/PARD3/SPTBN1/VIL1/EPB41/VILL/JPH2/CD300A/MAPT/PLA2G15/SPTBN4/PIRT/HIP1/SYT5/RPH3A/ARAP3/SNX18/FRMPD2/RAPGEF2/RASAL1/EXOC7/CPNE5/ZFYVE28/HGS/PLEKHA2/PIGU/IQGAP1/DNM2/SNX31/ZFYVE9/RASA4/DOC2B/PLA2G4D/SNX30/SDCBP2/WIPI2/APOH/ADAP1/DENND1C/SNX9/APOE/PITPNA/ACTN2/PLEKHA8/NCF4/FCHSD2/ARHGAP35/PTAFR/SAP30L/PLD2/GABARAPL1/SMPD3/ARHGAP44/SYTL2/APOB/TLN1/ARHGAP9/GGA2/MICALL1/UQCC3/ANXA6/SYT16/MAPKAP1/C2CD2L/MAP1LC3B2/OC90/BIN1/RUBCNL/PASK/TULP1/PICK1/VDAC1/PHF12/ADAP2/EPN1/CLN6/ANXA3/DNM1/MYO1E/TRPV1/SYT15/PLCD1/RASGRP1/RNF34/IQGAP2/GSN/TPP1/PLA2G4B/MYO1B/MFGE8/HMGB1/GGA3/RASA2/RUFY4/TULP3/SYT17/GRAMD2A/TPCN1/ESYT2/CPNE4/UNC13C/NME4/NUP62/ANXA8/ZCCHC2/BCAS3/SNX2/CIDEC/NR5A1/DEPTOR/SYT9/PACSIN1/GSDMC/SNX6/GAB2/VPS36/CPNE8/GBF1/FLII/KCNJ1/FGD2/APPL2/SMURF1/TEC/DAPP1/PXK/PNPLA3/AMPH/VEPH1/SNX24/LAPTM4B/BPIFC/PLEKHA8P1/PSAP/SESTD1/SYTL3/ITPR2/SGIP1/PLA2G4C/SNX13/F3/CPNE7/SNX4,290,MF
GO:0051015,actin filament binding,0.6777251184834123,211/18737,0.6777251184834123,1.6278086841460961,7.74572445832494,1.1971208292800619e-14,3.0454753896884774e-12,2.4295252198441684e-12,ESPNL/MYO10/MPRIP/MYO7B/ADD3/MYH11/MARCKSL1/COTL1/ABL1/ACTN1/ADD1/TWF2/CAMSAP3/SPTBN5/RCSD1/PLEC/LASP1/TNNI3/CAPZB/SYNE1/MYH9/MYO18B/ACTN4/SPTAN1/TLN2/MYH3/MYO1A/MYH7B/SPTBN2/ABLIM2/AVIL/FLNC/HIP1R/FLNB/WDR1/FHOD3/MYO9B/MISP/ADD2/MACF1/ARPC1B/ARPC1A/ANTXR1/PSTPIP1/MYO1C/MYO1D/GAS2L2/IQGAP3/CORO2A/SHTN1/PPP1R9B/FSCN1/MYO5C/EZR/SVIL/CORO1C/MYH13/CYFIP1/CAPG/SYNE3/CORO2B/MYH14/CORO6/MYO15A/SLC6A4/NEBL/MYO1G/SPTBN1/VIL1/VILL/DBNL/CTNNA3/ADSS1/MYO7A/SPTBN4/AIF1L/HIP1/TMEM201/EGFR/AFDN/TAGLN2/IQGAP1/CLMN/MAP1S/SPTB/MYO6/CTNNA1/ABLIM1/FSCN2/GAS7/MYO19/TRIOBP/DMTN/ACTN2/MYO18A/BLOC1S6/TLN1/CDK5R1/HCLS1/PKNOX2/ACTR2/ACTR3B/BIN1/TULP1/PICK1/PSTPIP2/SHROOM1/CD2AP/TPM1/MYO1F/MYO1E/ABLIM3/AJUBA/IQGAP2/MYH6/PANX1/AMOTL2/GSN/FMNL1/MYO5A/ARPC5L/MYO1B/ITPRID2/FMNL2/ACTN3/MYO5B/MYO16/LCP1/ANXA8/CORO1A/PPP1R9A/ESPN/ABL2/FLII/ARPC2/GAS2L1/MYH7/XIRP2/ARPC3/MICALL2/DSTN/TPM4/MYH10,143,MF
GO:0046873,metal ion transmembrane transporter activity,0.5923423423423423,444/18737,0.5923423423423423,1.422730222852002,7.613715480319026,3.264043020618996e-14,6.919771203712272e-12,5.520241178731075e-12,KCNN3/GRIK4/CACNA1H/TRPM4/TPCN2/KCNJ11/CATSPER4/SLC6A12/SLC5A6/KCNAB2/KCNA10/KCNA2/SLC9A3/SLC5A10/SLC39A11/ATP4B/SLC6A6/KCNMA1/CACNA1A/SLC39A5/KCNQ1/KCND2/CACNB3/SCNN1A/SLC6A3/CNNM2/GRIK5/KCNJ10/TRPM3/KCNJ12/KCNQ3/CNGB1/KCNC4/CACNA1C/ASIC2/SLC12A4/SLC25A37/KCNK12/ATP2C2/SLC4A5/KCNQ4/SLC12A8/KCNE4/SLC34A1/SLC11A2/KCNIP1/NIPAL3/TMEM175/LRRC38/CACNG5/TRPM2/SLC12A7/GRIN2D/KCNJ6/ATP1A4/CACNA1D/ATP2A3/PKD1/SLC5A9/ANO9/MFSD2A/RYR1/SLC9A1/SLC13A5/SLC24A3/ATP2B2/KCNJ18/AQP1/CATSPER2/NIPAL4/CACNA1B/ITPR3/SLC30A3/SLC6A9/ABCC8/KCNK17/ITGAV/CACNA1S/KCNIP2/ATP2A1/SLC24A4/HCN4/SLC6A7/SCN11A/SCN8A/TSPOAP1/KCNK9/KCNIP3/FKBP1B/SLC39A14/ATP7B/P2RX4/SCN5A/KCNQ2/RYR3/STIM2/CACNG3/KCNH1/CACNB1/CACNG2/CACNG4/KCNB1/KCNJ5/SLC6A4/KCNJ3/CACNA2D2/KCNA1/TRPC6/TMBIM6/CACNG8/SLC41A3/GRIN1/SLC29A1/TRPV5/SLC3A2/ASIC4/ITPR1/CCDC51/KCNT1/RYR2/GRIN2A/CNNM4/KCNA6/KCNK16/KCNJ15/SLC28A1/TRPM1/KCNK3/SLC6A18/TMCO3/KCNE1/SLC22A1/CACNA1G/KCNJ4/SCNN1D/KCNH2/SLC39A8/CACNA1E/SLC39A7/ATP1B1/ATP1A3/SLC13A4/KCNN1/SLC6A20/SLC13A3/KCNH3/KCNN4/ASIC1/CACNA2D4/TMEM165/KCNS3/FAIM2/KCNA5/SLC8A3/NCS1/ASIC3/CACNA1I/SLC6A2/KCNK7/SLC4A9/SLC38A7/NIPA2/LRRC26/ATP2B4/KCNAB1/OPRM1/SLC41A2/SLC23A2/TRPC4AP/SLC41A1/NIPAL2/TMEM38A/SLC9A8/SLC39A3/GRIK3/SCN4A/KCNK13/CACNB4/KCNK6/KCNH4/SLC6A1/SLC39A10/SLC12A5/PSEN1/SLC6A13/ORAI2/GRIN3B/PKD1L2/PKD1L1/GRIN3A/KCNC3/TRPV1/CHRNA7/CACNG7/PKD2L1/SLC1A2/PANX1/SLC5A11/CALHM3/SLC39A12/SLC5A2/CACNA2D3/TMEM38B/TMC1/PKD2/SLC25A28/TRPM6/TRPM7/SLC31A2/SLC1A6/SLC39A4/CNGA4/CACHD1/KCNE2/TPCN1/MRS2/SCN3A/KCNMB2/SLC5A3/TMEM37/SLC12A3/SLC30A7/KCNC1/SLC18A2/SLC8B1/TMEM94/SCN2B/KCNK10/SLC5A5/KCNMB1/KCNMB3/PKD1L3/SLC12A2/ATP1A2/TRPC7/GPM6A/SCN10A/SLC1A7/TRPM8/KCNJ1/ATP2A2/KCNQ5/SLC6A11/SLC30A2/ORAI1/LETM1/ATP13A1/KCND3/SLC9A9/CNGA3/GRIA1/SLC10A4/CLDN16/SLC20A2/NALF1/ITPR2/SLC9B1/KCNH8/CHRNA10/SLC18A1/SLC12A9/SCNN1B/TRPV3,263,MF
GO:0005085,guanyl-nucleotide exchange factor activity,0.6478260869565218,230/18737,0.6478260869565218,1.5559950508017368,7.165576852627025,9.416738048780094e-13,1.7111558282926115e-10,1.3650730043645132e-10,ARHGEF3/WDR41/RAPGEFL1/RASGEF1C/RAPGEF1/RHOD/ARFGEF3/EEF1D/DOCK2/KNDC1/SBF1/CCDC88C/PSD4/TIAM2/SPATA13/DENND2A/EPS8L1/DENND10/RIN3/PSD2/BCR/VAV2/RAPGEF3/IQSEC1/PREX1/TRIO/PLEKHG3/DENND1A/ARHGEF18/TIAM1/FGD3/MCF2L2/DOCK1/ARHGEF10L/DOCK3/ALS2CL/ELMO1/OBSCN/RASGEF1A/ARHGEF11/PSD/BCAR3/SBF2/FGD6/FARP2/RAPGEF6/CYTH4/ABR/ARHGEF16/RALGPS1/RAB3IP/ARHGEF10/FGD4/ARHGEF4/PLEKHG4B/RHOU/ARHGEF28/NUCB2/DENND3/SH3BP5/DOCK4/ARHGEF15/RALGDS/DENND2B/ARHGEF25/PLEKHG5/PLEKHG6/SERGEF/ARHGEF7/RIC8A/DOCK9/PLEKHG1/IQSEC3/ARHGEF2/NGEF/MCF2L/CYTH3/RGP1/GAPVD1/RAPGEF4/EPS8L2/ITSN1/EIF2B3/HPS4/FARP1/SH2D3C/HERC1/RIN2/HPS1/RAPGEF2/DOCK6/ARHGEF17/HERC2/PSD3/SOS2/DENND1C/KALRN/RASGRP2/DOCK8/RCC1/RCC1L/FGD5/VPS9D1/ARHGEF33/TAGAP/ANKRD27/CYTH1/SWAP70/SMCR8/RASGRF1/AKAP13/KIAA1755/RASGEF1B/VAV1/ARHGEF1/RASGRP1/RASGRP4/RGL3/SH3BP5L/LAMTOR3/RCC2/RAB3IL1/PLEKHG7/RGL1/RCBTB2/DOCK10/CYTH2/RASGRF2/GDPGP1/ARHGEF39/ARFGEF1/DENND5A/ARFGEF2/RABIF/MADD/GBF1/FGD2/RABGEF1/RIN1/VAV3/RAP1A/ECT2L/MON1A/SLC38A9/DOCK5/ARHGEF26/DENND5B/DNMBP/PLCG1,149,MF
GO:0005261,monoatomic cation channel activity,0.6036036036036037,333/18737,0.6036036036036037,1.449778325948048,6.994374067507293,3.069358923791957e-12,4.880280688829212e-10,3.8932394770203257e-10,KCNN3/GRIK4/CACNA1H/TRPM4/TPCN2/PIEZO2/KCNJ11/CATSPER4/KCNAB2/KCNA10/KCNA2/OTOP2/KCNMA1/CACNA1A/KCNQ1/PIEZO1/KCND2/CACNB3/SCNN1A/GRIK5/KCNJ10/TRPM3/KCNJ12/KCNQ3/CNGB1/KCNC4/CACNA1C/ASIC2/KCNK12/KCNQ4/KCNE4/KCNIP1/HVCN1/TMEM63C/TMEM175/ANO1/LRRC38/CACNG5/NOX5/TRPM2/GRIN2D/KCNJ6/CACNA1D/PKD1/ANO9/RYR1/P2RX5/CNGB3/SLC24A3/CHRNA4/TMEM63A/KCNJ18/AQP1/CATSPER2/CACNA1B/ITPR3/ABCC8/KCNK17/ITGAV/CACNA1S/KCNIP2/SLC24A4/HCN4/SCN11A/SCN8A/TSPOAP1/KCNK9/KCNIP3/FKBP1B/P2RX4/SCN5A/KCNQ2/ANO10/RYR3/STIM2/CACNG3/KCNH1/CHRNA5/CACNB1/CACNG2/CHRNA1/CACNG4/KCNB1/KCNJ5/SLC6A4/KCNJ3/CACNA2D2/KCNA1/TRPC6/TMBIM6/CACNG8/ATP5PO/GRIN1/TRPV5/ASIC4/ITPR1/CCDC51/KCNT1/RYR2/GRIN2A/KCNA6/KCNK16/KCNJ15/TRPM1/KCNK3/KCNE1/CACNA1G/KCNJ4/SCNN1D/KCNH2/STING1/CACNA1E/KCNN1/CHRNB3/KCNH3/KCNN4/ASIC1/CACNA2D4/KCNS3/FAIM2/KCNA5/NCS1/ASIC3/CACNA1I/KCNK7/LRRC26/CHRNB4/CHRNG/KCNAB1/OPRM1/TRPC4AP/TMEM38A/GRIK3/HTR3A/SCN4A/KCNK13/CACNB4/KCNK6/KCNH4/PSEN1/ORAI2/GRIN3B/TMEM63B/PKD1L2/CHRNA3/PKD1L1/GRIN3A/KCNC3/TRPV1/CHRNA7/CACNG7/ATP5ME/PKD2L1/PANX1/CALHM3/CACNA2D3/TMEM38B/TMC1/PKD2/TRPM6/TRPM7/CNGA4/CACHD1/KCNE2/TPCN1/SCN3A/KCNMB2/ATP5F1D/TMEM37/UNC80/CHRNE/HTR3B/KCNC1/P2RX7/SCN2B/KCNK10/KCNMB1/P2RX3/OTOP3/KCNMB3/PKD1L3/ATP5MF/TRPC7/GPM6A/SCN10A/TRPM8/KCNJ1/CHRNA2/KCNQ5/ORAI1/KCND3/CNGA3/GRIA1/ANO6/NALF1/ITPR2/KCNH8/TMEM150C/CHRNA10/SCNN1B/TRPV3,201,MF
GO:0022836,gated channel activity,0.6071428571428571,308/18737,0.6071428571428571,1.4582791583496622,6.849185160874884,8.448156913829645e-12,1.19400617715459e-9,9.525173409276935e-10,KCNN3/GRIK4/CACNA1H/TRPM4/TPCN2/PIEZO2/KCNJ11/CATSPER4/KCNAB2/KCNA10/KCNA2/TMC3/KCNMA1/CACNA1A/KCNQ1/PIEZO1/KCND2/CACNB3/SCNN1A/GRIK5/KCNJ10/KCNJ12/KCNQ3/CNGB1/KCNC4/CACNA1C/ASIC2/KCNK12/KCNQ4/KCNE4/HVCN1/TMEM63C/ANO1/LRRC38/CACNG5/TRPM2/GRIN2D/KCNJ6/CLCN7/CACNA1D/ANO9/RYR1/GABRG3/P2RX5/CNGB3/GABRR1/CHRNA4/ANO8/CLCN6/TMEM63A/GRID1/KCNJ18/AQP1/CATSPER2/CACNA1B/ITPR3/ABCC8/KCNK17/ITGAV/CACNA1S/KCNIP2/TTYH2/HCN4/TSPOAP1/KCNK9/FKBP1B/P2RX4/KCNQ2/ANO10/RYR3/TMC5/CACNG3/KCNH1/CHRNA5/CACNB1/CACNG2/ANO7/CHRNA1/CACNG4/KCNB1/KCNJ5/KCNJ3/CACNA2D2/KCNA1/CACNG8/GRIN1/TTYH3/ASIC4/ITPR1/CCDC51/GABRA5/KCNT1/RYR2/GRIN2A/KCNA6/KCNK16/KCNJ15/KCNK3/KCNE1/CACNA1G/KCNJ4/SCNN1D/KCNH2/CLCN1/CACNA1E/KCNN1/CHRNB3/KCNH3/KCNN4/ASIC1/CACNA2D4/KCNS3/KCNA5/NCS1/ASIC3/CACNA1I/KCNK7/LRRC26/CHRNB4/TMC6/TMC8/CHRNG/KCNAB1/OPRM1/ANXA6/GRIK3/GRID2/HTR3A/KCNK13/CACNB4/KCNK6/KCNH4/GRIN3B/TMEM63B/CHRNA3/VDAC1/GRIN3A/KCNC3/CLCNKA/TRPV1/CHRNA7/CACNG7/PKD2L1/ANO2/GPR89B/GABRR2/CALHM3/CACNA2D3/TMC1/PKD2/GABRB2/GABRA6/CNGA4/CACHD1/KCNE2/TPCN1/KCNMB2/ANO5/TMEM37/CHRNE/HTR3B/KCNC1/P2RX7/GABRB3/SCN2B/KCNK10/KCNMB1/P2RX3/KCNMB3/SCN10A/SLC1A7/TRPM8/KCNJ1/CHRNA2/KCNQ5/TMC7/KCND3/GABRP/CNGA3/GRIA1/ANO6/NALF1/ITPR2/KCNH8/TMEM150C/CHRNA10/SCNN1B,187,MF
GO:0031267,small GTPase binding,0.6091549295774648,284/18737,0.6091549295774648,1.4631118978968025,6.641955244532668,3.4446500322964014e-11,4.3815948410810225e-9,3.4954132959302435e-9,SYTL1/XPO6/RPTOR/SRGAP2/DOCK2/CDC42EP2/CYRIB/RABGAP1L/BICD2/RPH3AL/SPHK2/NDRG1/CYFIP2/DENND10/PKN1/RAB7A/RAB11FIP4/MLPH/RAB11FIP5/SH3BP4/TNPO2/RIN3/MTSS2/CYRIA/PLEKHG3/TSC2/RAB11FIP1/FGD3/RILPL1/DOCK1/MYRIP/DOCK3/RAB8A/EVI5/CSE1L/ALS2CL/PRKCH/MAP3K11/NUTF2/MYO9B/BICDL1/RAB11FIP3/FGD6/RAPGEF6/RAP1GAP/ARHGEF16/MYO1C/IQGAP3/FGD4/RANBP3/RHOBTB3/ABCA1/ARFIP2/CDC42BPB/STRIP1/RANGAP1/UNC13D/GCC2/PFN1/DOCK4/RIMS4/EXOC2/NCF2/NGFR/SGSM3/ROCK1/EVI5L/CORO1C/TMEM127/CDC42EP3/YIPF1/CYFIP1/IPO11/ANKFY1/RABGGTB/DEPDC5/PLEKHG1/MEGF9/ARHGEF2/RGP1/ADCYAP1R1/C15orf62/GAPVD1/RAPGEF4/PICALM/UNC13B/CDC42EP5/HPS4/ITPKA/EHD1/FARP1/SGSM1/RIMS3/INF2/RPH3A/RIN2/AFDN/TAMALIN/IQGAP1/USP6NL/SORL1/GIT2/GIT1/IPO4/TBC1D21/TRIOBP/CDC42SE2/GAS8/TNFAIP1/RCC1/FGD5/VPS9D1/ARHGAP44/SYTL2/ERC1/GARRE1/ANKRD27/GGA2/DAAM2/MICALL1/ARHGAP1/IPO9/DVL1/MAPKAP1/AKAP13/RHOH/TBC1D13/RANBP17/RALBP1/RANBP1/IQGAP2/SGSM2/DIAPH1/FMNL1/MYO5A/PAK2/DVL2/GGA3/KCTD13/FMNL2/RGPD8/KIF3B/MYO5B/BIRC5/PPP6R1/RNF152/RCC2/GOLGA4/USP33/DOCK10/LRRK2/CIB1/DENND5A/RANBP9/RUSC2/RILPL2/FGD2/RABGEF1/RIN1/XPO7/NPC1L1/RAP1A/ROCK2/IFT20/DAAM1/TBC1D20/GRIA1/SYTL3/MICALL2/CDC42EP4/RANBP2/DOCK5/DENND5B,173,MF
