category,subcategory,ID,Description,GeneRatio,BgRatio,RichFactor,FoldEnrichment,zScore,pvalue,p.adjust,qvalue,geneID,Count
Organismal Systems,Nervous system,hsa04725,Cholinergic synapse,81/3616,116/9387,0.6982758620689655,1.8126978753433018,6.9714605980963205,6.362976398106613e-12,2.2079528101429946e-9,1.3797611979052234e-9,PIK3R5/PRKCA/CACNA1A/KCNQ1/ADCY2/ADCY7/GNG7/CHRM1/KCNJ12/KCNQ3/CAMK2G/CHRM3/CACNA1C/AKT1/ADCY9/KCNQ4/PIK3CD/GNA11/CREB3L3/KCNJ6/CACNA1D/GNG4/PRKCB/CHRNA4/BCL2/ADCY8/KCNJ18/ADCY3/CACNA1B/ITPR3/PLCB1/CAMK2B/CACNA1S/GNG13/KCNQ2/ADCY6/GNB1/PIK3R1/CAMK2A/PLCB2/AKT2/GNAO1/KCNJ3/GNG12/CHRM4/MAP2K1/ITPR1/CREB3L2/ADCY1/KCNJ4/AKT3/PIK3R3/CHAT/CREB5/JAK2/CHRNB4/ADCY5/CREB3L1/PIK3R6/CHRNA3/ACHE/SLC18A3/CHRNA7/PRKCG/PRKACA/PIK3CB/GNG2/CAMK4/GNAI2/PRKACG/GNB5/GNAQ/GNG10/GNB2/MAPK1/PLCB4/KCNQ5/ITPR2/FYN/GNB3/GNGT1,81
Environmental Information Processing,Signal transduction,hsa04020,Calcium signaling pathway,149/3616,254/9387,0.5866141732283464,1.5228283307783428,6.6864898711726015,3.7355014391768194e-11,4.880276272767162e-9,3.04971003242844e-9,PLCG2/PLCD3/CACNA1H/TPCN2/VEGFB/NOS3/CAMK1D/HRH1/NFATC1/FGF18/PRKCA/CYSLTR2/CACNA1A/ADCY2/SPHK2/FGF9/ADCY7/GNAS/CHRM1/CAMK2G/CHRM3/CACNA1C/FGF1/NTRK1/ADCY9/AVPR1B/PHKB/GNA11/PTGER1/GRIN2D/CD38/ADRB3/CACNA1D/ATP2A3/ERBB3/CALML4/FLT1/ADRA1B/RYR1/FGFR3/P2RX5/PRKCB/ATP2B2/MYLK/PDGFRA/PDGFRB/ADCY8/ADCY3/CACNA1B/ITPR3/GRM5/FLT4/PLCB1/CAMK2B/CACNA1S/TFEB/PPP3CC/HTR6/ATP2A1/ERBB4/CCKBR/HRH2/P2RX4/RYR3/PDGFB/STIM2/NTSR1/CAMK2A/PLCB2/HRC/NFATC2/TGFA/ITPKB/RET/GRIN1/MYLK3/ITPKA/ITPR1/STIM1/RYR2/GRIN2A/ADCY1/NFATC3/EGFR/NTRK3/CACNA1G/MYLK2/PDE1C/ADRA1D/TNNC2/ADORA2B/CACNA1E/NOS2/ASPH/PTK2B/PDE1B/ITPKC/MYLK4/GNA14/SLC8A3/GNA15/CACNA1I/PTAFR/ATP2B4/NOS1/FGFR2/NFATC4/CASQ2/ORAI2/GRIN3B/CAMK1G/HTR7/VDAC1/HTR5A/GRIN3A/CHRNA7/PLCD1/FGF8/GNAL/HTR2A/FGFR1/PRKCG/FGF17/PRKACA/CAMK4/TPCN1/TACR2/PRKACG/GNAQ/HTR4/P2RX7/OXTR/TACR1/FGFR4/P2RX3/SLC25A31/EDNRA/NGF/ERBB2/PLCB4/ATP2A2/CALML6/ORAI1/FGF6/PDGFC/ITPR2/BDKRB2/BDKRB1/PLCG1,149
Cellular Processes,Cellular community - eukaryotes,hsa04510,Focal adhesion,124/3616,203/9387,0.6108374384236454,1.5857110161733294,6.677969366706998,4.219259025447114e-11,4.880276272767162e-9,3.04971003242844e-9,RAPGEF1/VEGFB/LAMA5/ITGB6/ITGA6/PRKCA/PPP1CC/ITGA10/COL4A2/VWF/ACTN1/LAMA3/LAMC1/LAMC3/ITGA11/PPP1R12B/AKT1/EMP2/VAV2/ACTN4/TNR/PARVB/TLN2/PIK3CD/MAPK10/THBS1/ITGB1/TNXB/CDC42/DOCK1/FLNB/LAMB4/FLT1/THBS2/ITGA9/PRKCB/LAMB3/CRK/MYLK/BCAR1/PDGFRA/COL6A6/BCL2/PDGFRB/PPP1R12C/FLT4/ITGAV/SHC2/BAD/PIP5K1C/COL1A1/ROCK1/PDGFB/COL9A3/PIK3R1/RAC1/AKT2/LAMB2/PXN/ACTB/PAK4/MYLK3/MAP2K1/SRC/COL6A1/ITGA3/EGFR/MYLK2/AKT3/RHOA/PIK3R3/SOS2/ACTG1/MYLK4/ARHGAP35/COL6A2/ITGA7/TLN1/TNN/PARVG/CHAD/PAK6/RASGRF1/LAMA1/IGF1R/ITGA2/EMP1/VAV1/MYL5/RAC2/LAMB1/PDPK1/DIAPH1/SHC3/CCND3/PIP5K1B/PRKCG/PAK2/PIK3CB/CAPN2/CCND1/RAP1B/PGF/ITGA8/MYL2/ITGB5/GRB2/COL4A1/THBS4/MAPK1/ERBB2/RELN/LAMA4/VTN/ITGA1/VAV3/RAP1A/ROCK2/PDGFC/VCL/FYN/SHC4/CAV3/COL6A5,124
Environmental Information Processing,Signal transduction,hsa04015,Rap1 signaling pathway,126/3616,212/9387,0.5943396226415094,1.542883306895976,6.328493384387128,3.8275273511391934e-10,3.3203799771132505e-8,2.0749227219333523e-8,LAT/RAPGEF1/RASSF5/PRKCZ/VEGFB/ITGB2/FGF18/ITGAL/PRKCA/PARD6G/ADCY2/SIPA1L2/FGF9/PFN3/EVL/ADCY7/GNAS/FGF1/AKT1/ENAH/ADCY9/INSR/SIPA1L3/RALB/CSF1/VAV2/RAPGEF3/TLN2/PIK3CD/CDH1/TIAM1/THBS1/ITGB1/CDC42/CSF1R/CALML4/FLT1/FGFR3/MAGI2/PRKCB/CRK/FARP2/BCAR1/RAPGEF6/PDGFRA/RAP1GAP/PDGFRB/ADCY8/MAP2K3/ADCY3/FLT4/PLCB1/EPHA2/PFN1/DOCK4/RALGDS/NGFR/PDGFB/ITGAM/ADCY6/APBB1IP/PIK3R1/PLCB2/PRKD2/RAC1/AKT2/GNAO1/LCP2/ACTB/RAPGEF4/GRIN1/MAP2K1/PARD3/GRIN2A/ADCY1/PARD6B/SRC/ARAP3/EGFR/RAPGEF2/AFDN/AKT3/ADORA2B/RHOA/PIK3R3/DRD2/RALA/FYB1/ACTG1/SIPA1L1/RASGRP2/FPR1/ADCY5/TLN1/FGFR2/SKAP1/MRAS/IGF1R/VAV1/RAC2/FGF8/FGFR1/PRKCG/FGF17/PIK3CB/TEK/RAP1B/GNAI2/ANGPT4/GNAQ/PGF/FGFR4/F2RL3/MAGI1/NGF/MAPK1/MAPK14/EFNA2/PLCB4/VAV3/CALML6/RAP1A/FGF6/PDGFC/CTNND1/PLCG1,126
Cellular Processes,Cell motility,hsa04810,Regulation of actin cytoskeleton,135/3616,232/9387,0.5818965517241379,1.5105815627860848,6.2331688996621315,6.682551286506769e-10,4.6376905928356976e-8,2.8981169789903037e-8,F2/ITGB2/ITGB6/FGF18/SSH1/MYH11/ITGA6/CYRIB/ITGAL/PPP1CC/ITGA10/WASF2/SPATA13/ACTN1/FGF9/PFN3/CYFIP2/ITGA11/CHRM1/PPP1R12B/MYH9/CHRM3/FGF1/INSRR/GNA12/AKT1/ENAH/VAV2/ACTN4/CYRIA/RGCC/PIK3CD/TIAM1/FGD3/ITGB1/CDC42/DOCK1/ITGAD/FGFR3/SLC9A1/LIMK2/ITGA9/CRK/MYLK/BCAR1/PDGFRA/BAIAP2/ARPC1B/ARPC1A/PDGFRB/IQGAP3/PPP1R12C/ARHGEF4/ITGAV/PFN1/PIP5K1C/EZR/ROCK1/PDGFB/ITGAM/CYFIP1/PIK3R1/MYH14/RAC1/ARHGEF7/LIMK1/AKT2/GNG12/PIP4K2B/PXN/ACTB/CHRM4/PAK4/MYLK3/MAP2K1/ITGAE/APC/SRC/ITGA3/EGFR/MYLK2/AKT3/IQGAP1/PIP4K2A/RHOA/PIK3R3/GIT1/SOS2/ACTG1/MYLK4/ARHGAP35/ITGA7/RDX/FGFR2/C8G/SSH2/MRAS/ACTR2/PIP4K2C/ACTR3B/PAK6/C9/ITGA2/VAV1/ARHGEF1/MYL5/RAC2/FGF8/IQGAP2/DIAPH1/GSN/ARPC5L/FGFR1/PIP5K1B/PAK2/FGF17/PIK3CB/ITGA8/MYL2/ITGB5/FGFR4/MAPK1/ITGA1/VAV3/ARPC2/ROCK2/FGF6/PDGFC/VCL/ARPC3/RRAS2/BDKRB2/BDKRB1/NCKAP1L/MYH10,135
Environmental Information Processing,Signal transduction,hsa04014,Ras signaling pathway,137/3616,238/9387,0.5756302521008403,1.4943144846434147,6.114119883579172,1.358950815323017e-9,7.859265548618116e-8,4.911295929062132e-8,PLCG2/LAT/RASSF5/VEGFB/ETS1/PLA2G6/PLA2G2E/FGF18/PRKCA/IGF2/RASA3/ABL1/FGF9/GNG7/FGF1/NTRK1/AKT1/INSR/RALB/CSF1/PIK3CD/MAPK10/TIAM1/CDC42/PLA2G2D/CSF1R/PLA2G2C/CALML4/FLT1/ETS2/GNG4/FGFR3/PRKCB/RAB5C/PDGFRA/PLD1/PDGFRB/BCL2L1/FLT4/SHC2/NTF3/EPHA2/GNG13/PLA2G5/BAD/RALGDS/EXOC2/NGFR/KSR1/PDGFB/KSR2/GNB1/PIK3R1/NF1/RAC1/AKT2/TGFA/GNG12/GRIN1/PAK4/MAP2K1/NTF4/GRIN2A/EGFR/RASAL1/AFDN/AKT3/RHOA/RASA4/PIK3R3/RALA/PLA2G4D/SOS2/IKBKB/BDNF/RASAL2/RASGRP2/RASSF1/PLD2/FGFR2/MRAS/PAK6/RASGRF1/IGF1R/HTR7/PLA1A/RALBP1/RASGRP1/RAC2/FGF8/RASGRP4/SHC3/PTPN11/FGFR1/PLA2G12B/PRKCG/PAK2/PLA2G4B/FGF17/PRKACA/PIK3CB/TEK/RASA2/GNG2/RAP1B/ANGPT4/PLA2G3/PRKACG/GNB5/PGF/RGL1/GNG10/GRB2/FGFR4/RASGRF2/GNB2/NGF/ZAP70/MAPK1/GAB2/EFNA2/ABL2/RIN1/CALML6/RASA1/RAP1A/FGF6/PDGFC/RRAS2/RALGAPB/RELA/SHOC2/SHC4/PLA2G4C/GNB3/GNGT1/PLCG1,137
Cellular Processes,Transport and catabolism,hsa04144,Endocytosis,142/3616,252/9387,0.5634920634920635,1.462804203539823,5.894842936168502,4.8360803642708295e-9,2.397314123431397e-7,1.498094067729009e-7,SMAD3/ACAP3/SNF8/PRKCZ/VPS4A/SMAP1/ARRB2/ASAP1/PSD4/PARD6G/GRK6/AGAP3/RAB7A/CAPZB/RAB31/EHD4/RAB11FIP4/RAB11FIP5/PSD2/IQSEC1/ARAP1/AGAP1/ITCH/RAB11FIP1/EPS15L1/VPS37C/CDC42/AP2A2/LDLRAP1/KIF5C/GRK5/RAB8A/GRK1/VPS37B/RAB11B/CHMP1A/FGFR3/AP2S1/RABEP1/PML/EPN2/RUFY1/PSD/IGF2R/ARFGAP2/RAB11FIP3/RAB5C/PDGFRA/CYTH4/MVB12B/ARF3/ASAP3/ZFYVE27/PLD1/GRK2/ARPC1B/ARPC1A/ASAP2/VPS4B/ARFGAP1/AP2A1/PIP5K1C/CXCR2/IL2RB/LDLR/WWP1/VPS28/IQSEC3/GRK7/CYTH3/RAB11A/WASHC1/EHD1/PARD3/WIPF3/PARD6B/SRC/CLTC/ARAP3/EGFR/HGS/DNM2/RAB22A/GIT2/ZFYVE9/RHOA/GIT1/GRK3/PSD3/HSPA6/KIF5A/CLTCL1/AP2M1/PLD2/NEDD4L/FGFR2/CYTH1/IL2RA/ACTR2/SH3GL1/ACTR3B/BIN1/VPS45/DNM3/NEDD4/IGF1R/EPN1/SPART/SMAP2/DNM1/KIF5B/ARPC5L/PIP5K1B/CHMP6/ARRB1/CBL/TFRC/ARFGAP3/CHMP4B/SNX2/FGFR4/CYTH2/ARFGEF1/HSPA1L/SNX6/VPS25/ARFGEF2/CXCR1/VPS36/GBF1/EHD3/ARPC2/SMURF1/AMPH/SH3GL3/ARPC3/IST1/AGAP2/STAMBP/CAV3/RAB10/SNX4,142
Organismal Systems,Endocrine system,hsa04921,Oxytocin signaling pathway,95/3616,155/9387,0.6129032258064516,1.5910737225235512,5.873386114106874,6.289767435995904e-9,2.7281866253632236e-7,1.7048580155462582e-7,PIK3R5/NOS3/CAMK1D/NFATC1/PRKCA/PPP1CC/ADCY2/CACNB3/ADCY7/GNAS/KCNJ12/PPP1R12B/CAMK2G/CACNA1C/ADCY9/CACNG5/TRPM2/KCNJ6/CD38/CACNA1D/CALML4/RYR1/PRKCB/MYLK/EEF2K/ADCY8/PRKAB1/KCNJ18/ADCY3/PPP1R12C/ITPR3/PLCB1/CAMK2B/CACNA1S/PPP3CC/PRKAG2/RYR3/ROCK1/CACNG3/ADCY6/CACNB1/CAMK2A/CACNG2/PLCB2/CACNG4/KCNJ5/GNAO1/NFATC2/KCNJ3/CACNA2D2/CACNG8/ACTB/MYLK3/MAP2K1/ITPR1/MAP2K5/RYR2/ADCY1/SRC/NFATC3/EGFR/KCNJ4/MYLK2/RCAN1/RHOA/PLA2G4D/CACNA2D4/ACTG1/MYLK4/ADCY5/NFATC4/NPR2/CACNB4/PIK3R6/CAMK1G/NPPA/CACNG7/CACNA2D3/PRKCG/PLA2G4B/PRKACA/CCND1/CAMK4/GNAI2/PRKACG/GNAQ/OXTR/MAPK1/PLCB4/CALML6/ROCK2/NPR1/ITPR2/PLA2G4C/OXT,95
Human Diseases,Substance dependence,hsa05032,Morphine addiction,62/3616,91/9387,0.6813186813186813,1.7686776718856365,5.832380555922385,8.840576795016249e-9,3.408533497634043e-7,2.1300103155243827e-7,PDE2A/ARRB2/PRKCA/GABBR2/ADORA1/CACNA1A/ADCY2/GRK6/ADCY7/GNG7/GNAS/ADCY9/KCNJ6/PDE4B/GRK5/PDE8B/GABRG3/GNG4/GABRR1/PRKCB/GRK2/ADCY8/ADCY3/CACNA1B/PDE4D/GNG13/PDE10A/ADCY6/GNB1/KCNJ5/GNAO1/KCNJ3/GNG12/PDE11A/GABRA5/ADCY1/PDE1C/PDE4C/GRK3/PDE7B/PDE1B/ADCY5/OPRM1/PDE4A/GABRR2/PRKCG/PRKACA/GABRB2/GABRA6/GNG2/ARRB1/GNAI2/PRKACG/GNB5/GNG10/GABRB3/GNB2/GABRP/PDE8A/PDE7A/GNB3/GNGT1,62
Cellular Processes,Cell motility,hsa04820,Cytoskeleton in muscle cells,131/3616,232/9387,0.5646551724137931,1.4658235905553862,5.686764523056748,1.6123670327680268e-8,5.594913603705053e-7,3.4962906184233003e-7,PDLIM4/MYOM3/HSPG2/ITGB6/MYH11/ITGA6/AGRN/MYBPC3/SGCG/FBN3/TNNT1/ITGA10/COL4A2/SPTBN5/PLEC/ANK2/ITGA11/FBLN1/TNNI3/CAPZB/CSRP3/COL5A1/SYNE1/MYBPHL/MYH9/SPTAN1/TLN2/MYH3/MYH7B/SPTBN2/THBS1/ITGB1/SDC3/ATP1A4/FLNC/SSPN/CSRP1/PDLIM7/SUN2/TRIM55/SNTA1/AMPD3/THBS2/OBSCN/TNNI1/ITGA9/COL5A3/COL6A6/LDB3/COL27A1/ITGAV/PDLIM2/ENO3/COL1A1/COL9A3/MYH13/MYL3/FBN2/SYNE3/TMEM43/MYH14/NEBL/FBLN2/DAG1/ACTB/ANKRD23/SYNE2/SUN1/LMNB1/TMOD4/SPTBN1/MYOM2/INF2/SPTBN4/NID1/COL6A1/CKM/ITGA3/TNNC2/ATP1B1/ATP1A3/TNNT3/FHL2/ACTG1/ACTN2/TNNT2/JUP/COL6A2/ELN/ITGA7/TLN1/DAAM2/TCAP/LAMA1/ITGA2/FMN2/MYBPC2/TPM1/MYL5/DIAPH1/MYH6/FMNL1/MYBPH/SDC4/FMNL2/ACTN3/CAPN3/COL11A2/ITGA8/MYL2/MYOZ3/SGCD/ITGB5/COL4A1/MYPN/THBS4/TMOD1/LMNA/ATP1A2/DTNA/ITGA1/MYH7/XIRP2/DAAM1/VCL/FBN1/ANK3/SYNPO2/TPM4/MYH10/COL6A5,131
Human Diseases,Cardiovascular disease,hsa05414,Dilated cardiomyopathy,68/3616,105/9387,0.6476190476190476,1.6811946902654868,5.556151386183599,4.076162275884687e-8,1.2342376414007013e-6,7.712815232171832e-7,ITGB6/ITGA6/MYBPC3/SGCG/ITGA10/ADCY2/CACNB3/ADCY7/ITGA11/GNAS/TNNI3/CACNA1C/AGT/ADCY9/CACNG5/ITGB1/SSPN/CACNA1D/ATP2A3/SNTA1/ITGA9/ADCY8/ADCY3/ITGAV/CACNA1S/ATP2A1/CACNG3/ADCY6/CACNB1/MYL3/CACNG2/CACNG4/CACNA2D2/CACNG8/DAG1/ACTB/RYR2/ADCY1/ITGA3/TNF/TGFB3/CACNA2D4/ACTG1/TNNT2/SLC8A3/ADCY5/ITGA7/NOS1/CACNB4/LAMA1/ITGA2/TPM1/CACNG7/MYH6/CACNA2D3/PRKACA/PRKACG/ITGA8/MYL2/SGCD/ITGB5/LMNA/DTNA/ATP2A2/ITGA1/MYH7/TPM4/CAV3,68
Environmental Information Processing,Signal transduction,hsa04072,Phospholipase D signaling pathway,90/3616,149/9387,0.6040268456375839,1.5680309734513274,5.532292341999666,4.268256973143635e-8,1.2342376414007013e-6,7.712815232171832e-7,PLCG2/F2/PIK3R5/PRKCA/ADCY2/SPHK2/ADCY7/GNAS/PLPP3/GNA12/AGT/AKT1/ADCY9/INSR/AVPR1B/RALB/RAPGEF3/DGKG/PIK3CD/DGKQ/TSC2/MTOR/PLPP2/PDGFRA/CYTH4/PLD1/PDGFRB/ADCY8/ADCY3/GRM5/PLCB1/SHC2/GRM6/PIP5K1C/RALGDS/AGPAT4/PDGFB/ADCY6/CXCR2/GRM4/PIK3R1/PLCB2/AKT2/SYK/CYTH3/RAPGEF4/MAP2K1/ADCY1/DGKD/EGFR/AKT3/DNM2/RHOA/PIK3R3/AGPAT2/RALA/PLA2G4D/SOS2/PTK2B/AGPAT3/PLD2/ADCY5/CYTH1/MRAS/GRM7/PIK3R6/DNM3/FCER1G/DNM1/DGKI/SHC3/PTPN11/PIP5K1B/PLA2G4B/PIK3CB/TSC1/GRB2/CYTH2/MAPK1/GAB2/CXCR1/PLCB4/GRM8/PDGFC/RRAS2/FYN/SHC4/PLA2G4C/PLCG1/AGPAT5,90
Organismal Systems,Development and regeneration,hsa04360,Axon guidance,106/3616,184/9387,0.5760869565217391,1.495500072143132,5.373000379337256,9.435752039121092e-8,2.5186199673653994e-6,1.5738987206955018e-6,PLCG2/EPHB3/SRGAP2/RHOD/WNT5B/SEMA4G/PRKCZ/PLXNA2/SSH1/PRKCA/ABL1/EPHB2/PARD6G/UNC5A/UNC5B/CAMK2G/ENAH/PIK3CD/NTNG2/FES/SEMA4D/ABLIM2/SLIT3/ITGB1/CDC42/SEMA3F/EPHA8/SEMA5B/LIMK2/SLIT1/BOC/RGS3/SEMA4A/PTCH1/CAMK2B/NEO1/PLXNA4/PPP3CC/EPHA2/SRGAP3/ROCK1/PLXNA1/SEMA5A/SEMA3G/PLXNB1/PIK3R1/SEMA6B/CAMK2A/DPYSL2/RAC1/WNT4/LIMK1/PLXNB2/NFATC2/BMP7/NGEF/EPHB4/TRPC6/NTN1/EPHB1/PAK4/PARD3/ROBO3/PARD6B/SRC/NFATC3/RHOA/PIK3R3/ABLIM1/SEMA4B/SSH2/NFATC4/SEMA7A/PAK6/NTNG1/SRGAP1/NCK2/ABLIM3/MYL5/RAC2/ROBO2/DPYSL5/BMPR2/PDPK1/PTPN11/PAK2/PIK3CB/PLXNC1/LRIG2/SEMA6C/RYK/SEMA3B/GNAI2/SEMA4F/RGMA/SEMA6D/EPHA4/MAPK1/ROBO1/EFNA2/NRP1/RASA1/ROCK2/UNC5D/FYN/PLCG1,106
Organismal Systems,Immune system,hsa04666,Fc gamma R-mediated phagocytosis,64/3616,99/9387,0.6464646464646465,1.678197908286404,5.369599428656398,1.1249490778282172e-7,2.61235187632485e-6,1.6324722782433463e-6,PLCG2/LAT/MYO10/PLA2G6/PRKCE/PRKCA/MARCKSL1/ASAP1/WASF2/SPHK2/INPP5D/PLPP3/AKT1/VAV2/PIK3CD/CDC42/DOCK1/LIMK2/FCGR2A/PRKCB/FCGR3A/CRK/PLPP2/ASAP3/PLD1/ARPC1B/ARPC1A/ASAP2/PIP5K1C/PIK3R1/RAC1/LIMK1/AKT2/LYN/SYK/MAP2K1/AKT3/DNM2/PIK3R3/PLA2G4D/PRKCD/PLD2/HCK/ACTR2/ACTR3B/BIN1/RPS6KB2/VAV1/RAC2/GSN/ARPC5L/PIP5K1B/PRKCG/PLA2G4B/PIK3CB/FCGR2B/MAPK1/GAB2/VAV3/ARPC2/AMPH/ARPC3/PLA2G4C/PLCG1,64
Organismal Systems,Digestive system,hsa04971,Gastric acid secretion,52/3616,76/9387,0.6842105263157895,1.7761847927340475,5.377776031120331,1.1292587361634798e-7,2.61235187632485e-6,1.6324722782433463e-6,PRKCA/ATP4B/KCNQ1/ADCY2/ADCY7/GNAS/KCNJ10/CAMK2G/CHRM3/ADCY9/ATP1A4/CALML4/SLC9A1/PRKCB/MYLK/ADCY8/ADCY3/ITPR3/PLCB1/CAMK2B/CCKBR/HRH2/EZR/ADCY6/CAMK2A/PLCB2/ACTB/MYLK3/ITPR1/KCNJ15/ADCY1/MYLK2/SLC4A2/SSTR2/ATP1B1/ATP1A3/ACTG1/MYLK4/ADCY5/PRKCG/PRKACA/KCNE2/GNAI2/PRKACG/GNAQ/GAST/KCNK10/ATP1A2/PLCB4/KCNJ1/CALML6/ITPR2,52
Environmental Information Processing,Signal transduction,hsa04024,cAMP signaling pathway,125/3616,226/9387,0.5530973451327433,1.4358199056308247,5.249510261667376,1.6959299960281154e-7,3.678048178885975e-6,2.298431441985472e-6,POMC/NFATC1/CREBBP/GABBR2/PPP1CC/ADORA1/ADCY2/ADCY7/GNAS/TNNI3/CHRM1/CNGB1/CAMK2G/CACNA1C/LIPE/AKT1/ADCY9/SSTR5/VAV2/RAPGEF3/FXYD2/PIK3CD/MAPK10/TIAM1/CREB3L3/GRIN2D/ATP1A4/PDE4B/CACNA1D/ATP2A3/CALML4/SLC9A1/CNGB3/ATP2B2/VIPR2/PLD1/PTCH1/ADCY8/ADCY3/CAMK2B/CACNA1S/PDE4D/HTR6/ATP2A1/HCN4/BAD/PDE10A/ROCK1/CRHR1/ADCY6/PPARA/PIK3R1/CAMK2A/PPP1R1B/FXYD1/GLI3/RAC1/ABCC4/AKT2/ADCYAP1R1/GHRL/RAPGEF4/GRIN1/MAP2K1/GLI1/RYR2/GRIN2A/CREB3L2/HCAR1/ADCY1/ARAP3/AFDN/PDE4C/AKT3/SSTR2/ATP1B1/ATP1A3/RHOA/PIK3R3/DRD2/POPDC2/EDN2/BDNF/CREB5/HCAR2/PLD2/ADCY5/ATP2B4/CREB3L1/PDE4A/GRIN3B/GRIN3A/NPPA/VAV1/RAC2/TSHR/PRKACA/PIK3CB/CRHR2/CNGA4/CAMK4/RAP1B/GNAI2/FSHR/PRKACG/HTR4/OXTR/EDNRA/MAPK1/ATP1A2/ATP2A2/VAV3/CALML6/RAP1A/ROCK2/ORAI1/NPR1/CNGA3/GRIA1/ACOX3/RRAS2/LHB/RELA/GLP1R/OXT,125
Organismal Systems,Endocrine system,hsa04925,Aldosterone synthesis and secretion,63/3616,98/9387,0.6428571428571429,1.6688329646017699,5.26835674043627,1.9155603140196725e-7,3.909996640969567e-6,2.44337724265048e-6,POMC/CACNA1H/PDE2A/CAMK1D/PRKCE/PRKCA/ADCY2/ADCY7/GNAS/CAMK2G/CACNA1C/LIPE/AGT/ADCY9/SCARB1/GNA11/CREB3L3/ATP1A4/CACNA1D/CALML4/DAGLA/PRKCB/ATP2B2/ADCY8/ADCY3/ITPR3/PLCB1/CAMK2B/CACNA1S/KCNK9/ADCY6/LDLR/CAMK2A/PLCB2/PRKD2/KCNJ5/NR4A1/ITPR1/CREB3L2/ADCY1/KCNK3/CACNA1G/ATP1B1/ATP1A3/CREB5/CACNA1I/ADCY5/ATP2B4/CREB3L1/CAMK1G/NPPA/PRKCG/PRKACA/CAMK4/PRKACG/GNAQ/DAGLB/ATP1A2/PLCB4/CALML6/ORAI1/NPR1/ITPR2,63
Organismal Systems,Endocrine system,hsa04919,Thyroid hormone signaling pathway,75/3616,122/9387,0.6147540983606558,1.595878518061802,5.243772977655213,2.0644299916025619e-7,3.979762261589383e-6,2.4869741419305713e-6,PLCG2/PLCD3/RXRA/CREBBP/MED16/PRKCA/PFKP/AKT1/FXYD2/PIK3CD/TSC2/MED27/ATP1A4/ATP2A3/TBC1D4/SLC9A1/PRKCB/MTOR/KAT2A/PLCB1/GATA4/MED24/ITGAV/NOTCH2/ATP2A1/BAD/PIK3R1/PLCB2/WNT4/AKT2/NOTCH1/DIO1/DIO2/ACTB/SLC2A1/MAP2K1/NCOA1/SRC/AKT3/RCAN1/RXRB/ATP1B1/ATP1A3/PIK3R3/PFKL/ACTG1/HDAC1/SIN3A/STAT1/NOTCH3/MED4/FOXO1/RCAN2/SLC16A10/PLCD1/NCOA2/THRA/PDPK1/MYH6/PRKCG/PRKACA/PIK3CB/CCND1/PRKACG/MAPK1/HDAC3/ATP1A2/PLCB4/NCOA3/ATP2A2/CASP9/MYH7/ESR1/NOTCH4/PLCG1,75
Organismal Systems,Sensory system,hsa04750,Inflammatory mediator regulation of TRP channels,63/3616,99/9387,0.6363636363636364,1.6519760659694287,5.161989249086091,3.2991299773546625e-7,6.0252531691687785e-6,3.7652120517177865e-6,PLCG2/HRH1/PLA2G6/PRKCE/PRKCA/PPP1CC/ADCY2/ADCY7/GNAS/CAMK2G/ASIC2/NTRK1/ADCY9/IL1RAP/PIK3CD/MAPK10/CALML4/PRKCH/PRKCB/ADCY8/MAP2K3/ADCY3/ITPR3/PLCB1/CAMK2B/ADCY6/PIK3R1/CAMK2A/PLCB2/ASIC4/ITPR1/IL1R1/PRKCQ/ADCY1/SRC/PIK3R3/PLA2G4D/PRKCD/ASIC1/ASIC3/ADCY5/P2RY2/TRPV1/HTR2A/ALOX12/PRKCG/PLA2G4B/PRKACA/PIK3CB/IL1B/PRKACG/GNAQ/NGF/TRPM8/MAPK14/PLCB4/CALML6/ITPR2/BDKRB2/BDKRB1/PLA2G4C/TRPV3/PLCG1,63
Organismal Systems,Circulatory system,hsa04261,Adrenergic signaling in cardiomyocytes,90/3616,154/9387,0.5844155844155844,1.5171208769106999,5.121650777497027,3.614520667591981e-7,6.271193358272087e-6,3.9189013553892004e-6,PIK3R5/PPP2R5D/PRKCA/PPP1CC/KCNQ1/ADCY2/CACNB3/ADCY7/GNAS/TNNI3/CAMK2G/CACNA1C/AGT/AKT1/ADCY9/RAPGEF3/FXYD2/CREB3L3/CACNG5/ATP1A4/CACNA1D/ATP2A3/CALML4/ADRA1B/SLC9A1/ATP2B2/BCL2/PPP2R2C/PPP2R3A/ADCY8/ADCY3/PLCB1/PPP2R2D/CAMK2B/CACNA1S/ATP2A1/SCN5A/CACNG3/ADCY6/CACNB1/MYL3/CAMK2A/CACNG2/PLCB2/CACNG4/AKT2/PPP2R5B/CACNA2D2/CACNG8/RAPGEF4/RYR2/CREB3L2/ADCY1/KCNE1/ADRA1D/AKT3/ATP1B1/ATP1A3/POPDC2/CACNA2D4/PPP2R5C/PPP1R1A/CREB5/TNNT2/SLC8A3/ADCY5/ATP2B4/CREB3L1/CACNB4/PIK3R6/TPM1/PPP2R3C/CACNG7/MYH6/CACNA2D3/PRKACA/PPP2CB/GNAI2/PRKACG/GNAQ/MYL2/MAPK1/ATP1A2/MAPK14/PLCB4/ATP2A2/CALML6/MYH7/PPP2R5E/TPM4,90
Human Diseases,Infectious disease: bacterial,hsa05100,Bacterial invasion of epithelial cells,52/3616,78/9387,0.6666666666666666,1.730641592920354,5.128957806595355,4.102916959078526e-7,6.779581832382137e-6,4.236595957745246e-6,SEPTIN9/WASF2/ELMO2/PIK3CD/CDH1/ITGB1/CDC42/DOCK1/CTTN/ELMO1/CRK/BCAR1/ARPC1B/ARPC1A/ARHGAP10/SHC2/SEPTIN12/ELMO3/PIK3R1/RAC1/SEPTIN3/RHOG/PXN/ACTB/CTNNA3/SRC/MAD2L2/CLTC/DNM2/SEPTIN8/RHOA/PIK3R3/CTNNA1/ACTG1/CLTCL1/HCLS1/ACTR2/ACTR3B/DNM3/CD2AP/DNM1/SHC3/ARPC5L/SEPTIN11/PIK3CB/CBL/ARPC2/VCL/ARPC3/SHC4/CAV3/ARHGEF26,52
Organismal Systems,Circulatory system,hsa04270,Vascular smooth muscle contraction,80/3616,134/9387,0.5970149253731343,1.549828292167481,5.074194965566453,4.7569567140005734e-7,7.5030180898099954e-6,4.688675038679991e-6,PLA2G6/PLA2G2E/PRKCE/MYH11/PRKCA/PPP1CC/KCNMA1/ADCY2/ADCY7/GNAS/PPP1R12B/MYH9/CACNA1C/GNA12/AGT/ADCY9/AVPR1B/GNA11/PLA2G2D/CACNA1D/PLA2G2C/CALML4/ADRA1B/PRKCH/ARHGEF11/PRKG1/PRKCB/MYLK/ADCY8/ADCY3/PPP1R12C/ITPR3/PLCB1/CACNA1S/PLA2G5/ROCK1/ADCY6/MYH14/PLCB2/ACTA2/MYLK3/MAP2K1/ITPR1/PRKCQ/ADCY1/MYLK2/ADRA1D/ADORA2B/RHOA/PLA2G4D/PRKCD/EDN2/MYLK4/ADCY5/NPR2/NPPA/ARHGEF1/RAMP3/IRAG1/ADM2/PLA2G12B/PRKCG/PLA2G4B/PRKACA/KCNMB2/PLA2G3/PRKACG/GNAQ/KCNMB1/EDNRA/KCNMB3/MAPK1/PLCB4/CALML6/ROCK2/NPR1/CALD1/ITPR2/PLA2G4C/MYH10,80
Organismal Systems,Immune system,hsa04611,Platelet activation,76/3616,126/9387,0.6031746031746031,1.5658185840707965,5.061304738239131,5.15449496936158e-7,7.776564149428124e-6,4.859615394455311e-6,PLCG2/TBXAS1/F2/PIK3R5/PRKCZ/NOS3/PPP1CC/VWF/ADCY2/ADCY7/GNAS/AKT1/ADCY9/TLN2/PIK3CD/ITGB1/SNAP23/FCGR2A/PRKG1/MYLK/ADCY8/ADCY3/ITPR3/PLCB1/COL1A1/ROCK1/ADCY6/APBB1IP/PIK3R1/PLCB2/GP6/AKT2/LYN/LCP2/SYK/ACTB/MYLK3/ITPR1/STIM1/ADCY1/SRC/ADAMTS13/MYLK2/AKT3/RHOA/PIK3R3/PLA2G4D/ACTG1/MYLK4/RASGRP2/ARHGAP35/ADCY5/TLN1/PTGS1/PIK3R6/FCER1G/ITGA2/ARHGEF1/RASGRP1/PLA2G4B/PRKACA/PIK3CB/RAP1B/GNAI2/PRKACG/GNAQ/F2RL3/MAPK1/MAPK14/PLCB4/RAP1A/ROCK2/ORAI1/ITPR2/FYN/PLA2G4C,76
Organismal Systems,Nervous system,hsa04724,Glutamatergic synapse,71/3616,116/9387,0.6120689655172413,1.5889080141898075,5.051753107011775,5.521049953107088e-7,7.982518057200665e-6,4.988317062895e-6,GRIK4/PRKCA/CACNA1A/ADCY2/ADCY7/GNG7/GNAS/GRIK5/CACNA1C/ADCY9/GRIN2D/CACNA1D/GNG4/SHANK2/PRKCB/PLD1/GRK2/ADCY8/ADCY3/DLGAP1/ITPR3/GRM5/PLCB1/PPP3CC/GRM6/GNG13/ADCY6/GRM4/GNB1/PLCB2/GNAO1/KCNJ3/GNG12/GRIN1/ITPR1/HOMER3/GRIN2A/ADCY1/DLG4/HOMER2/GRK3/PLA2G4D/SHANK3/PLD2/ADCY5/GRIK3/GRM7/GRIN3B/GRIN3A/HOMER1/SLC1A2/PRKCG/PLA2G4B/PRKACA/SLC1A6/GNG2/GNAI2/PRKACG/GNB5/GNAQ/GNG10/GNB2/MAPK1/SLC1A7/PLCB4/GRM8/GRIA1/ITPR2/PLA2G4C/GNB3/GNGT1,71
NA,NA,hsa04082,Neuroactive ligand signaling,110/3616,199/9387,0.5527638190954773,1.4349540845822029,4.908947723406841,9.635665895524273e-7,1.3374304262987692e-5,8.357672313591578e-6,GRIK4/POMC/OPRD1/SLC6A12/HRH1/PRKCA/GABBR2/ADORA1/ADCY2/SLC6A3/ADCY7/GNG7/GNAS/GRIK5/CHRM1/CHRM3/TAC4/ADCY9/GNA11/HRH3/GRIN2D/ADRA1B/GABRG3/GNG4/P2RX5/GABRR1/PRKCB/CHRNA4/ADCY8/ADCY3/GRM5/PLCB1/SLC6A9/GRM6/GNG13/HTR6/HRH2/P2RX4/ADCY6/GRM4/GNB1/PLCB2/GNAO1/SLC6A4/GNG12/CHRM4/GRIN1/GABRA5/GRIN2A/ADCY1/ADRA1D/ADORA2B/DRD2/CHAT/SLC6A2/CHRNB4/ADCY5/P2RY6/OPRM1/OGFR/TAC3/GRIK3/PNOC/HTR3A/GRM7/SLC6A1/P2RY2/SLC6A13/GRIN3B/CHRNA3/HTR7/HTR5A/GRIN3A/ACHE/SLC18A3/CHRNA7/GNAL/ADRA2B/SLC1A2/GABRR2/HTR2A/PRKCG/PRKACA/SLC1A6/GABRB2/GABRA6/GNG2/TACR2/GNAI2/PRKACG/GNB5/GNAQ/HTR4/GNG10/HTR3B/GABRB3/SLC18A2/TACR1/P2RX3/GNB2/OGFRL1/SLC1A7/PLCB4/SLC6A11/GRM8/GABRP/GRIA1/SLC18A1/GNB3/GNGT1,110
Environmental Information Processing,Signal transduction,hsa04010,MAPK signaling pathway,156/3616,300/9387,0.52,1.349900442477876,4.875552122979735,1.0185897456480143e-6,1.3594255451533115e-5,8.49512095560692e-6,CACNA1H/MAP3K12/VEGFB/ARRB2/NFATC1/FGF18/PRKCA/IGF2/CASP3/CACNA1A/FGF9/CACNB3/PPP5C/CACNA1C/FGF1/NTRK1/GNA12/AKT1/INSR/IL1RAP/MKNK2/CSF1/PTPN7/MAPK10/CACNG5/CDC42/CDC25B/CACNA1D/RPS6KA1/CSF1R/MAP3K9/ERBB3/TAB2/MAP3K14/FLT1/MAP2K4/MAP3K11/FGFR3/MECOM/MAPKAPK3/PRKCB/CRK/PDGFRA/TAB1/MAP4K4/STK3/MAPK8IP3/PDGFRB/MAP2K3/CACNA1B/FLT4/MAPK8IP1/MAP3K4/CACNA1S/NTF3/PPP3CC/EPHA2/RPS6KA2/ERBB4/STMN1/NGFR/PTPN5/PDGFB/CACNG3/CACNB1/CACNG2/MAP3K21/NF1/RAC1/CACNG4/AKT2/FAS/TGFA/GNG12/CACNA2D2/RET/CACNG8/NR4A1/MAP2K1/MAPKAPK2/NTF4/MAP2K5/IL1R1/MAX/MAPT/NFATC3/EGFR/TNF/RAPGEF2/CACNA1G/AKT3/TGFB3/CACNA1E/ECSIT/PLA2G4D/HSPA6/RELB/CACNA2D4/SOS2/IKBKB/BDNF/RASGRP2/MKNK1/CACNA1I/FGFR2/MRAS/CACNB4/DUSP7/RASGRF1/IGF1R/TAOK2/CACNG7/RASGRP1/RAC2/FGF8/MAP4K3/RASGRP4/CACNA2D3/FGFR1/PRKCG/PAK2/PLA2G4B/FGF17/PRKACA/TEK/RASA2/LAMTOR3/IL1B/MAP4K1/ARRB1/RAP1B/ANGPT4/PRKACG/DUSP5/PGF/MAP3K20/DUSP16/GRB2/FGFR4/RASGRF2/MAP3K10/HSPA1L/DUSP8/NGF/MAPK1/ERBB2/MAPK14/EFNA2/MAP3K5/RASA1/RAP1A/FGF6/PDGFC/RRAS2/RELA/PLA2G4C,156
Environmental Information Processing,Signal transduction,hsa04340,Hedgehog signaling pathway,39/3616,56/9387,0.6964285714285714,1.8079023783185841,4.799740460176562,2.201581633544313e-6,2.8105607451062917e-5,1.756334031524029e-5,ARRB2/MOSMO/CSNK1E/GLI2/EVC/CSNK1G2/SCUBE2/BOC/BCL2/GRK2/PTCH1/IQCE/MEGF8/CSNK1D/GLI3/PTCH2/SPOP/EVC2/GLI1/HHAT/GRK3/CSNK1A1/MGRN1/KIF7/CUL1/SUFU/PRKACA/BTRC/CCND1/ARRB1/PRKACG/CUL3/HHATL/CDON/SMURF1/GPR161/DISP1/DHH/CSNK1G1,39
Organismal Systems,Immune system,hsa04062,Chemokine signaling pathway,106/3616,193/9387,0.5492227979274611,1.4257617268100324,4.730662574720501,2.2678876329387945e-6,2.8105607451062917e-5,1.756334031524029e-5,PLCG2/CCL17/PIK3R5/PRKCZ/DOCK2/ARRB2/ADCY2/GRK6/ADCY7/GNG7/AKT1/ADCY9/VAV2/PREX1/PIK3CD/TIAM1/CDC42/GRK5/GRK1/ELMO1/GNG4/GSK3A/PRKCB/CRK/BCAR1/GRK2/ADCY8/ADCY3/PLCB1/SHC2/GNG13/BAD/ROCK1/CXCL13/ADCY6/CXCR2/GNB1/PIK3R1/ITK/PLCB2/RAC1/AKT2/LYN/GNG12/GRK7/PXN/MAP2K1/FOXO3/PARD3/PF4V1/ADCY1/SRC/AKT3/RHOA/PIK3R3/GRK3/PRKCD/SOS2/IKBKB/PTK2B/RASGRP2/JAK2/ADCY5/STAT1/CCL22/HCK/PIK3R6/STAT3/CCR3/VAV1/RAC2/STAT5B/SHC3/FGR/CX3CR1/PRKACA/CXCL14/PIK3CB/CCL27/GNG2/ARRB1/RAP1B/GNAI2/CCR6/CCL25/PRKACG/GNB5/GNAQ/GNG10/XCR1/GRB2/CCL1/GNB2/MAPK1/CCL16/CXCR1/PLCB4/VAV3/RAP1A/ROCK2/CCR7/RELA/SHC4/GNB3/GNGT1/PLCG1,106
Environmental Information Processing,Signal transduction,hsa04371,Apelin signaling pathway,81/3616,140/9387,0.5785714285714286,1.501949668141593,4.736447296201096,2.3991578603163785e-6,2.870716474240632e-5,1.793925659619506e-5,SMAD3/PIK3R5/PLAT/HDAC4/NOS3/PRKCE/MAP1LC3C/ADCY2/SPHK2/ADCY7/GNG7/LIPE/AKT1/ADCY9/CDH1/CALML4/RYR1/GNG4/SLC9A1/MTOR/MYLK/ADCY8/PRKAB1/ADCY3/ITPR3/PLCB1/HDAC5/PLIN1/GNG13/PRKAG2/RYR3/ADCY6/GNB1/MYL3/MAP1LC3A/JAG1/PLCB2/AKT2/ACTA2/GNG12/MYLK3/MAP2K1/ITPR1/TFAM/RYR2/MEF2D/ADCY1/MYLK2/AKT3/NOS2/MYLK4/SLC8A3/ADCY5/NOTCH3/NOS1/MRAS/PIK3R6/MAP1LC3B2/RPS6KB2/NRF1/SERPINE1/PRKACA/GNG2/CCND1/CAMK4/GNAI2/PRKACG/GNB5/GNAQ/MYL2/GNG10/GNB2/MEF2B/MAPK1/PLCB4/CALML6/RRAS2/ITPR2/GNB3/GNGT1/MEF2A,81
Organismal Systems,Nervous system,hsa04728,Dopaminergic synapse,77/3616,132/9387,0.5833333333333334,1.5143113938053097,4.7103572665695514,2.750682888148706e-6,3.181623207292003e-5,1.9882128945916963e-5,BMAL1/PPP2R5D/ARRB2/PRKCA/PPP1CC/CACNA1A/SLC6A3/GNG7/GNAS/CAMK2G/CACNA1C/AKT1/MAPK10/CREB3L3/KCNJ6/KIF5C/CACNA1D/CALML4/GNG4/COMT/GSK3A/PRKCB/PPP2R2C/PPP2R3A/CACNA1B/ITPR3/PLCB1/PPP2R2D/CAMK2B/PPP3CC/GNG13/GNB1/CAMK2A/PPP1R1B/PLCB2/KCNJ5/AKT2/GNAO1/KCNJ3/GNG12/PPP2R5B/ITPR1/GRIN2A/CREB3L2/AKT3/DRD2/PPP2R5C/KIF5A/CREB5/ADCY5/CREB3L1/PPP2R3C/KIF5B/GNAL/DDC/PRKCG/PRKACA/PPP2CB/GNG2/CALY/ARRB1/GNAI2/PRKACG/GNB5/GNAQ/GNG10/SLC18A2/GNB2/MAPK14/PLCB4/CALML6/PPP2R5E/GRIA1/ITPR2/SLC18A1/GNB3/GNGT1,77
Environmental Information Processing,Signal transduction,hsa04022,cGMP-PKG signaling pathway,93/3616,166/9387,0.5602409638554217,1.454364471158972,4.675180106175909,3.050385066186048e-6,3.414463283763093e-5,2.133715869726064e-5,OPRD1/PIK3R5/PDE2A/NOS3/PRKCE/NFATC1/PPP1CC/ADORA1/KCNMA1/IRS1/ADCY2/ADCY7/CNGB1/CACNA1C/GNA12/AKT1/ADCY9/INSR/FXYD2/GNA11/CREB3L3/ATP1A4/ADRB3/CACNA1D/ATP2A3/CALML4/ADRA1B/PRKG1/ATP2B2/MYLK/ADCY8/ADCY3/ITPR3/PLCB1/GATA4/CACNA1S/PPP3CC/ATP2A1/BAD/ROCK1/ADCY6/IRS2/PLCB2/AKT2/NFATC2/TRPC6/MYLK3/MAP2K1/ITPR1/MEF2D/CREB3L2/ADCY1/NFATC3/MYLK2/ADRA1D/AKT3/ATP1B1/ATP1A3/RHOA/MYLK4/CREB5/SLC8A3/ADCY5/ATP2B4/CREB3L1/NFATC4/NPR2/PIK3R6/VDAC1/NPPA/ADRA2B/IRAG1/MYH6/KCNMB2/GNAI2/GNAQ/KCNMB1/SLC25A31/EDNRA/KCNMB3/MEF2B/MAPK1/ATP1A2/PLCB4/ATP2A2/CALML6/MYH7/ROCK2/NPR1/ITPR2/BDKRB2/PDE5A/MEF2A,93
Human Diseases,Cardiovascular disease,hsa05412,Arrhythmogenic right ventricular cardiomyopathy,54/3616,86/9387,0.627906976744186,1.6300228956575427,4.645898148213538,4.1282272775912615e-6,4.476546454138024e-5,2.7974171683677623e-5,ITGB6/ITGA6/SGCG/ITGA10/CACNB3/ITGA11/CACNA1C/CACNG5/ITGB1/TCF7L2/SSPN/CACNA1D/ATP2A3/SNTA1/ITGA9/ITGAV/CACNA1S/ATP2A1/TCF7/CACNG3/CACNB1/CACNG2/CACNG4/CACNA2D2/CACNG8/DAG1/ACTB/RYR2/CTNNA3/ITGA3/CDH2/CTNNA1/CACNA2D4/ACTG1/ACTN2/SLC8A3/JUP/ITGA7/NOS1/CACNB4/LAMA1/ITGA2/TCF7L1/CACNG7/CACNA2D3/ACTN3/ITGA8/SGCD/ITGB5/LMNA/DTNA/ATP2A2/ITGA1/CAV3,54
Cellular Processes,Cellular community - eukaryotes,hsa04530,Tight junction,94/3616,170/9387,0.5529411764705883,1.4354144976574703,4.534835115535087,5.743011375740777e-6,6.0388634769153024e-5,3.7737172038360454e-5,SCRIB/CLDN14/PRKCZ/NF2/CLDN10/PRKCE/MYH11/RUNX1/PARD6G/ACTN1/MYH9/LLGL2/ACTN4/MAPK10/ARHGEF18/TIAM1/ITGB1/CDC42/CACNA1D/RAB8A/CTTN/RAPGEF6/PPP2R2C/ARPC1B/ARPC1A/PRKAB1/TJP3/GATA4/PPP2R2D/STK11/PATJ/PRKAG2/TUBA4A/EZR/MARVELD3/ROCK1/MYH14/RAC1/CGNL1/DLG2/ARHGEF2/SYNPO/ACTB/PARD3/CLDN11/PARD6B/SRC/RAPGEF2/AFDN/CLDN12/RHOA/SYMPK/CLDN19/ACTG1/TUBA3D/CRB3/TUBA3E/TJP2/NEDD4L/RDX/HCLS1/ACTR2/ACTR3B/NEDD4/NHERF1/TJAP1/TUBA8/AMOTL2/ARPC5L/PRKACA/PPP2CB/CCND1/TUBA1C/PRKACG/MYL2/PALS1/MAGI1/ARHGAP17/CLDN7/IGSF5/ERBB2/LLGL1/MAP3K5/ARPC2/AMOTL1/EPB41L4B/RAP1A/ROCK2/ARPC3/CLDN16/MICALL2/CLDN8/MYH10/CLDN20,94
Human Diseases,Cardiovascular disease,hsa05410,Hypertrophic cardiomyopathy,60/3616,99/9387,0.6060606060606061,1.5733105390185036,4.539158710375167,6.463639784382895e-6,6.501750685491635e-5,4.062977828640306e-5,ITGB6/ITGA6/MYBPC3/SGCG/ITGA10/CACNB3/ITGA11/TNNI3/CACNA1C/AGT/CACNG5/ITGB1/SSPN/CACNA1D/ATP2A3/SNTA1/ITGA9/PRKAB1/ITGAV/CACNA1S/ACE/ATP2A1/PRKAG2/CACNG3/CACNB1/MYL3/CACNG2/CACNG4/CACNA2D2/CACNG8/DAG1/ACTB/RYR2/ITGA3/TNF/TGFB3/CACNA2D4/ACTG1/TNNT2/SLC8A3/ITGA7/NOS1/CACNB4/LAMA1/ITGA2/TPM1/CACNG7/MYH6/CACNA2D3/ITGA8/MYL2/SGCD/ITGB5/LMNA/DTNA/ATP2A2/ITGA1/MYH7/TPM4/CAV3,60
Organismal Systems,Environmental adaptation,hsa04713,Circadian entrainment,59/3616,97/9387,0.6082474226804123,1.578987432715993,4.537076437502881,6.55796178651894e-6,6.501750685491635e-5,4.062977828640306e-5,CACNA1H/PRKCA/ADCY2/ADCY7/GNG7/GNAS/CAMK2G/CACNA1C/ADCY9/PER2/GRIN2D/KCNJ6/CACNA1D/NOS1AP/CALML4/RYR1/GNG4/PRKG1/PRKCB/ADCY8/ADCY3/ITPR3/PLCB1/CAMK2B/GNG13/RYR3/ADCY6/GNB1/CAMK2A/PLCB2/KCNJ5/GNAO1/KCNJ3/GNG12/ADCYAP1R1/GRIN1/ITPR1/RYR2/GRIN2A/ADCY1/CACNA1G/CACNA1I/ADCY5/NOS1/PRKCG/PRKACA/GNG2/GNAI2/PRKACG/GNB5/GNAQ/GNG10/GNB2/MAPK1/PLCB4/CALML6/GRIA1/GNB3/GNGT1,59
Organismal Systems,Endocrine system,hsa04911,Insulin secretion,53/3616,86/9387,0.6162790697674418,1.5998372864786992,4.423304228606344,1.1179610806605e-5,1.0775902638588708e-4,6.733917620352718e-5,KCNN3/TRPM4/KCNJ11/PRKCA/KCNMA1/ADCY2/ADCY7/GNAS/CAMK2G/CHRM3/CACNA1C/ADCY9/FXYD2/GNA11/CREB3L3/ATP1A4/CACNA1D/FFAR1/PRKCB/ADCY8/ADCY3/ITPR3/PLCB1/CAMK2B/ABCC8/CACNA1S/ADCY6/CAMK2A/PLCB2/ADCYAP1R1/RAPGEF4/SLC2A1/RYR2/CREB3L2/ADCY1/ATP1B1/ATP1A3/KCNN1/KCNN4/CREB5/STX1A/ADCY5/CREB3L1/PRKCG/PRKACA/KCNMB2/PRKACG/GNAQ/KCNMB1/KCNMB3/ATP1A2/PLCB4/GLP1R,53
Organismal Systems,Endocrine system,hsa04928,"Parathyroid hormone synthesis, secretion and action",67/3616,115/9387,0.5826086956521739,1.5124302616390919,4.376489859573976,1.2732806961737435e-5,1.1941308150602406e-4,7.462185587817671e-5,MMP15/RXRA/ARRB2/PRKCA/ADCY2/ADCY7/GNAS/GNA12/ADCY9/SLC34A1/GNA11/CREB3L3/PDE4B/VDR/ARHGEF11/PRKCB/BCL2/PLD1/ADCY8/ADCY3/ITPR3/PLCB1/WNK2/PDE4D/LRP5/MMP24/ADCY6/CASR/PLCB2/TRPV5/MAP2K1/ITPR1/MEF2D/CREB3L2/ADCY1/MMP17/EGFR/NACA2/PDE4C/RXRB/RHOA/CREB5/SOST/PLD2/ADCY5/CREB3L1/PDE4A/AKAP13/NHERF1/ARHGEF1/FGFR1/PRKCG/PRKACA/WNK4/ARRB1/GNAI2/PRKACG/GNAQ/SLC12A3/RUNX2/MAPK1/PLCB4/WNK1/NACA/ITPR2/STK39/MEF2A,67
Environmental Information Processing,Signal transduction,hsa04071,Sphingolipid signaling pathway,70/3616,122/9387,0.5737704918032787,1.4894866168576815,4.307516744773755,1.687142703390606e-5,1.4846311829641874e-4,9.277537500094725e-5,OPRD1/PRKCZ/NOS3/PPP2R5D/PRKCE/PRKCA/ADORA1/SPHK2/GNA12/AKT1/ABCC1/PIK3CD/MAPK10/NSMAF/PRKCB/BCL2/CTSD/DEGS1/PLD1/PPP2R2C/PPP2R3A/SGPL1/PLCB1/PPP2R2D/ROCK1/SPTLC3/CERS4/PIK3R1/PLCB2/RAC1/AKT2/PPP2R5B/SGMS1/MAP2K1/S1PR5/TNF/AKT3/CERS1/DEGS2/RHOA/PIK3R3/PPP2R5C/PLD2/ACER2/FCER1G/BID/PPP2R3C/RAC2/PDPK1/PRKCG/SGPP2/PIK3CB/PPP2CB/CERS3/GNAI2/GNAQ/MAPK1/SPTLC2/GAB2/MAPK14/SPTLC1/PLCB4/MAP3K5/CERS5/ROCK2/PPP2R5E/RELA/BDKRB2/FYN/S1PR3,70
Environmental Information Processing,Signal transduction,hsa04152,AMPK signaling pathway,70/3616,122/9387,0.5737704918032787,1.4894866168576815,4.307516744773755,1.687142703390606e-5,1.4846311829641874e-4,9.277537500094725e-5,RPTOR/PPP2R5D/FASN/CIDEA/IRS1/FBP1/ACACA/PFKP/LIPE/AKT1/INSR/CPT1A/ELAVL1/PIK3CD/TSC2/CREB3L3/RAB8A/RAB11B/MTOR/EEF2K/PPARG/PPP2R2C/PPP2R3A/PRKAB1/PPP2R2D/STK11/PRKAG2/G6PC1/IRS2/PIK3R1/PFKFB4/AKT2/PPP2R5B/FOXO3/CREB3L2/AKT3/PIK3R3/PFKL/PPP2R5C/EIF4EBP1/CAB39/CREB5/TBC1D1/STRADA/CRTC2/ADIPOR2/CREB3L1/PFKFB3/HMGCR/HNF4A/G6PC3/IGF1R/FOXO1/RPS6KB2/ACACB/MLYCD/PPP2R3C/PDPK1/GYS1/PIK3CB/PPP2CB/CCND1/TSC1/SCD5/LEP/ADIPOR1/PPP2R5E/SCD/ADIPOQ/RAB10,70
Cellular Processes,Cellular community - eukaryotes,hsa04520,Adherens junction,56/3616,93/9387,0.6021505376344086,1.5631601484441908,4.32017165981805,1.7113904126388327e-5,1.4846311829641874e-4,9.277537500094725e-5,SMAD3/PTPRF/CREBBP/WASF2/ACTN1/PTPRJ/ACP1/INSR/HEG1/ACTN4/LMO7/RADIL/CDH1/PTPN1/TCF7L2/CDC42/RASIP1/FARP2/BAIAP2/ROCK1/TCF7/RAC1/ACTB/SORBS1/PARD3/CTNNA3/SRC/EGFR/AFDN/IQGAP1/RHOA/CTNNA1/ACTG1/YES1/CDH5/IGF1R/NECTIN1/TCF7L1/MYL5/RAC2/CCM2/ARHGAP29/FGFR1/RAP1B/PTPN6/MYL2/NECTIN4/MAPK1/ERBB2/SMURF1/RAP1A/ROCK2/CTNND1/VCL/PTPRM/FYN,56
Organismal Systems,Nervous system,hsa04727,GABAergic synapse,54/3616,89/9387,0.6067415730337079,1.5750783036690863,4.314755232615887,1.7709232305629756e-5,1.4988057585496402e-4,9.36611516035874e-5,GABARAPL2/SLC6A12/PRKCA/GABBR2/CACNA1A/ADCY2/ADCY7/GNG7/CACNA1C/ADCY9/KCNJ6/GAD2/CACNA1D/GABRG3/GNG4/GABRR1/PRKCB/ABAT/ADCY8/ADCY3/CACNA1B/HAP1/CACNA1S/GNG13/ADCY6/GNB1/GNAO1/GNG12/GABRA5/ADCY1/SRC/GPHN/GABARAPL1/ADCY5/SLC6A1/SLC12A5/SLC6A13/GABRR2/PRKCG/PRKACA/GABRB2/GABRA6/GNG2/GNAI2/GAD1/PRKACG/GNB5/GNG10/GABRB3/GNB2/SLC6A11/GABRP/GNB3/GNGT1,54
Human Diseases,Drug resistance: antineoplastic,hsa01521,EGFR tyrosine kinase inhibitor resistance,49/3616,80/9387,0.6125,1.5900269634955753,4.1950867309106075,3.0100516695023667e-5,2.4868760221840984e-4,1.5540617642042294e-4,PLCG2/GAS6/PRKCA/JAK1/AKT1/PIK3CD/ERBB3/FGFR3/PRKCB/MTOR/PDGFRA/BCL2/PDGFRB/EIF4E1B/BCL2L1/SHC2/BAD/PDGFB/PIK3R1/NF1/AKT2/TGFA/BCL2L11/IL6R/MAP2K1/FOXO3/SRC/EGFR/AKT3/PIK3R3/NRG2/NRG1/SOS2/EIF4EBP1/JAK2/FGFR2/STAT3/IGF1R/RPS6KB2/SHC3/PRKCG/EIF4E/PIK3CB/GRB2/MAPK1/ERBB2/PDGFC/SHC4/PLCG1,49
Human Diseases,Infectious disease: viral,hsa05165,Human papillomavirus infection,164/3616,333/9387,0.4924924924924925,1.2784919875627838,4.095845112000788,3.274053868266804e-5,2.642085330903677e-4,1.6510528686975804e-4,ISG15/SCRIB/UBR4/AXIN2/WNT5B/PRKCZ/MAML3/PPP2R5D/MX2/LAMA5/ITGB6/CREBBP/RBPJL/ITGA6/HES6/CASP3/ITGA10/COL4A2/IKBKE/VWF/PARD6G/LAMA3/LAMC1/TYK2/LAMC3/ITGA11/GNAS/JAK1/LLGL2/AKT1/TNR/FZD9/MAML2/PIK3CD/TSC2/AXIN1/CREB3L3/THBS1/ITGB1/TCF7L2/TNXB/CDC42/WNT3/LAMB4/THBS2/TRAF3/ITGA9/LAMB3/MTOR/COL6A6/PPP2R2C/PPP2R3A/MX1/PDGFRB/WNT2B/TCIRG1/PPP2R2D/ITGAV/NOTCH2/PATJ/BAD/WNT11/COL1A1/WNT3A/IRF1/TCF7/COL9A3/PIK3R1/JAG1/WNT4/AKT2/ATP6V0E1/FAS/DLG2/NOTCH1/CHD4/PPP2R5B/HES4/LAMB2/PXN/MAP2K1/PARD3/CREB3L2/APC/PARD6B/WNT7B/COL6A1/ITGA3/EGFR/TNF/AKT3/ATP6V1C2/ATP6V0A1/PIK3R3/ATP6V0D1/ATP6V0E2/CSNK1A1/SOS2/IKBKB/PPP2R5C/TERT/EIF4EBP1/HDAC1/CREB5/CRB3/COL6A2/STAT1/ITGA7/NOTCH3/TLR3/CREB3L1/ATP6V1B1/TNN/CHAD/DVL1/PSEN1/LAMA1/NHERF1/FOXO1/BAK1/WNT9B/RPS6KB2/ITGA2/TCF7L1/RFNG/PPP2R3C/LAMB1/HES2/CCND3/IFNAR2/MAML1/PRKACA/DVL2/PIK3CB/PPP2CB/IRF9/PKM/CCND1/PRKACG/TSC1/ITGA8/ITGB5/RB1/GRB2/PALS1/COL4A1/MAGI1/THBS4/IRF3/MAPK1/WNT7A/RELN/LAMA4/OASL/VTN/LLGL1/ITGA1/CDK6/WNT10B/PPP2R5E/ATP6V1G1/NOTCH4/RELA/COL6A5,164
Organismal Systems,Excretory system,hsa04961,Endocrine and other factor-regulated calcium reabsorption,35/3616,53/9387,0.660377358490566,1.7143147854399732,4.127837810294118,4.396197588150046e-5,3.4670012797456044e-4,2.1665471367438024e-4,PRKCA/GNAS/ADCY9/FXYD2/ATP1A4/AP2A2/VDR/AP2S1/PRKCB/ATP2B2/PLCB1/AP2A1/ADCY6/PLCB2/TRPV5/RAB11A/CLTC/DNM2/ATP1B1/ATP1A3/CLTCL1/SLC8A3/AP2M1/ATP2B4/DNM3/KLK2/DNM1/PRKCG/PRKACA/PRKACG/GNAQ/ATP1A2/PLCB4/ESR1/BDKRB2,35
Organismal Systems,Endocrine system,hsa04929,GnRH secretion,41/3616,65/9387,0.6307692307692307,1.6374531994554118,4.082059991179092,5.038975589201401e-5,3.8629409183428196e-4,2.4139718767742172e-4,KCNN3/CACNA1H/KCNJ11/ARRB2/PRKCA/GABBR2/CACNA1C/AKT1/PIK3CD/GNA11/KCNJ6/CACNA1D/PRKCB/ITPR3/PLCB1/CACNA1S/PIK3R1/PLCB2/KCNJ5/AKT2/KCNJ3/GPER1/ESR2/MAP2K1/ITPR1/CACNA1G/AKT3/PIK3R3/KCNN1/GNRH2/KCNN4/CACNA1I/PRKCG/PIK3CB/KISS1/ARRB1/GNAQ/MAPK1/PLCB4/LHB/ITPR2,41
Organismal Systems,Digestive system,hsa04972,Pancreatic secretion,61/3616,106/9387,0.5754716981132075,1.4939028844548339,4.0478653498019215,5.120901505584141e-5,3.8629409183428196e-4,2.4139718767742172e-4,TPCN2/PLA2G2E/BST1/PRKCA/KCNMA1/KCNQ1/ADCY2/ADCY7/GNAS/CHRM3/ADCY9/FXYD2/ATP1A4/PLA2G2D/CD38/PRSS1/ATP2A3/PLA2G2C/RAB8A/CELA2B/SLC9A1/PRKCB/ATP2B2/ADCY8/ADCY3/ITPR3/PLCB1/ATP2A1/PLA2G5/ADCY6/PLCB2/RAC1/RAB11A/ITPR1/RYR2/ADCY1/PNLIPRP1/SLC4A2/CPA3/ATP1B1/ATP1A3/RHOA/AMY2B/SCTR/ADCY5/ATP2B4/CELA3A/PRSS3/PLA2G12B/PRKCG/RAB27B/RAP1B/PLA2G3/GNAQ/SLC12A2/ATP1A2/PLCB4/ATP2A2/RAP1A/ITPR2/RAB3D,61
Human Diseases,Infectious disease: bacterial,hsa05135,Yersinia infection,76/3616,138/9387,0.5507246376811594,1.42966044632551,4.024820139087554,5.274027154477058e-5,3.893803026816041e-4,2.4332577689188667e-4,LAT/NFATC1/WASF2/CD8B2/ELMO2/PKN1/NLRP3/AKT1/CD8A/VAV2/PIK3CD/MAPK10/ITGB1/CDC42/DOCK1/RPS6KA1/TAB2/ELMO1/MAP2K4/FCGR2A/CRK/BCAR1/BAIAP2/TAB1/ARPC1B/ARPC1A/MAP2K3/ARHGEF28/RPS6KA2/PIP5K1C/ROCK1/PIK3R1/RAC1/ARHGEF7/LIMK1/AKT2/NFATC2/LCP2/RHOG/PXN/ACTB/MAP2K1/WIPF3/SRC/NFATC3/TNF/AKT3/GIT2/RHOA/PIK3R3/FYB1/IKBKB/ACTG1/PTK2B/CD4/ACTR2/SKAP2/ACTR3B/VAV1/ARHGEF1/RAC2/ARPC5L/PIP5K1B/PIK3CB/IL1B/GNAQ/IRF3/ZAP70/MAPK1/MAPK14/VAV3/ARPC2/ROCK2/ARPC3/RELA/PLCG1,76
Environmental Information Processing,Signal transduction,hsa04151,PI3K-Akt signaling pathway,175/3616,362/9387,0.48342541436464087,1.2549541937613065,3.915811601674681,6.686612459337496e-5,4.8338635903960646e-4,3.0207065057533426e-4,RPTOR/RXRA/PIK3R5/VEGFB/NOS3/PPP2R5D/LAMA5/ITGB6/FGF18/ITGA6/PRKCA/IGF2/ITGA10/COL4A2/VWF/IRS1/PHLPP1/FGF9/LAMA3/LAMC1/PKN1/LAMC3/ITGA11/GNG7/CD19/JAK1/CHRM1/IL4R/FGF1/NTRK1/AKT1/INSR/CSF1/TNR/PIK3CD/TSC2/CREB3L3/THBS1/ITGB1/PIK3AP1/TNXB/CSF1R/ERBB3/LAMB4/FLT1/THBS2/GNG4/FGFR3/ITGA9/MAGI2/LAMB3/MTOR/PDGFRA/COL6A6/BCL2/PPP2R2C/PPP2R3A/PDGFRB/EIF4E1B/BCL2L1/FLT4/PPP2R2D/ITGAV/NTF3/STK11/EPHA2/GNG13/ERBB4/BAD/G6PC1/COL1A1/NGFR/PDGFB/COL9A3/IL2RB/GNB1/PIK3R1/BRCA1/RAC1/AKT2/SYK/TGFA/GNG12/PPP2R5B/TCL1B/RET/LAMB2/NR4A1/BCL2L11/IL6R/MAP2K1/FOXO3/NTF4/CREB3L2/COL6A1/ITGA3/EGFR/AKT3/PIK3R3/YWHAZ/HSP90AB1/SOS2/IKBKB/PPP2R5C/BDNF/EIF4EBP1/CREB5/COL6A2/JAK2/PHLPP2/CSF3R/ITGA7/CRTC2/FGFR2/CREB3L1/TNN/CHAD/IL2RA/PIK3R6/G6PC3/LAMA1/IGF1R/RPS6KB2/ITGA2/PPP2R3C/FGF8/LAMB1/PDPK1/YWHAG/CCND3/FGFR1/IFNAR2/EIF4E/GYS1/FGF17/PIK3CB/TEK/PPP2CB/GNG2/CCND1/IL4/ANGPT4/GNB5/YWHAE/TSC1/PGF/ITGA8/GH1/ITGB5/GNG10/GRB2/COL4A1/FGFR4/MAGI1/THBS4/GNB2/NGF/MAPK1/MLST8/ERBB2/RELN/LAMA4/VTN/EFNA2/CASP9/ITGA1/CDK6/PPP2R5E/FGF6/PDGFC/SGK2/RELA/GNB3/GNGT1/COL6A5,175
Human Diseases,Endocrine and metabolic disease,hsa04931,Insulin resistance,62/3616,109/9387,0.5688073394495413,1.4766024600146141,3.9616061136618255,7.1706465398707e-5,5.060248426480198e-4,3.1621755675865945e-4,PTPRF/PRKCZ/NOS3/PRKCE/PYGB/PPP1CC/MLXIP/IRS1/AGT/AKT1/INSR/CPT1A/PIK3CD/MAPK10/PTPN1/CREB3L3/RPS6KA1/SLC27A1/TBC1D4/NR1H2/PRKCB/MTOR/PRKAB1/PYGL/RPS6KA2/PRKAG2/G6PC1/PTPA/IRS2/PPARA/PIK3R1/SLC27A6/AKT2/SLC2A1/CREB3L2/TRIB3/PRKCQ/TNF/AKT3/GFPT2/PIK3R3/PRKCD/IKBKB/PPARGC1B/PYGM/CREB5/CRTC2/CREB3L1/STAT3/G6PC3/FOXO1/RPS6KB2/ACACB/PDPK1/PTPN11/GYS1/PIK3CB/PPP1R3C/SLC27A5/SLC27A2/MLXIPL/RELA,62
Organismal Systems,Endocrine system,hsa04915,Estrogen signaling pathway,76/3616,139/9387,0.5467625899280576,1.4193751193735278,3.942893978814221,7.2914242456487e-5,5.060248426480198e-4,3.1621755675865945e-4,RARA/POMC/NOS3/GABBR2/ADCY2/ADCY7/GNAS/KRT27/AKT1/ADCY9/PIK3CD/CREB3L3/KCNJ6/CALML4/KRT12/KRT13/GREB1/BCL2/CTSD/ADCY8/ADCY3/ITPR3/PLCB1/SHC2/ADCY6/PIK3R1/PLCB2/KCNJ5/AKT2/GNAO1/KRT32/KCNJ3/TGFA/GPER1/ESR2/MAP2K1/ITPR1/CREB3L2/NCOA1/ADCY1/SRC/EGFR/AKT3/PIK3R3/PRKCD/HSPA6/HSP90AB1/SOS2/KRT16/MMP2/FKBP5/KRT23/CREB5/ADCY5/KRT18/OPRM1/CREB3L1/KRT9/KRT36/NCOA2/SHC3/PRKACA/PIK3CB/GNAI2/KRT38/PRKACG/GNAQ/GRB2/HSPA1L/MAPK1/PLCB4/NCOA3/CALML6/ESR1/ITPR2/SHC4,76
Organismal Systems,Endocrine system,hsa04935,"Growth hormone synthesis, secretion and action",68/3616,122/9387,0.5573770491803278,1.4469298563760336,3.9330142516211724,7.812287951338723e-5,5.315419449244189e-4,3.321633267235866e-4,PLCG2/CREBBP/PRKCA/IRS1/ADCY2/ADCY7/GNAS/CACNA1C/AKT1/ADCY9/SSTR5/PIK3CD/MAPK10/GNA11/CREB3L3/CACNA1D/MAP2K4/PRKCB/MTOR/CRK/BCAR1/ADCY8/MAP2K3/ADCY3/ITPR3/PLCB1/CACNA1S/SHC2/IGFALS/ADCY6/IRS2/PIK3R1/PLCB2/AKT2/GHRL/MAP2K1/ITPR1/CREB3L2/ADCY1/AKT3/SSTR2/PIK3R3/SOS2/CREB5/JAK2/ADCY5/STAT1/CREB3L1/GHRHR/STAT3/STAT5B/SHC3/PRKCG/PRKACA/PIK3CB/GNAI2/PRKACG/GNAQ/GH1/GRB2/STAT5A/MAPK1/MAPK14/PLCB4/SOCS1/ITPR2/SHC4/PLCG1,68
Organismal Systems,Nervous system,hsa04722,Neurotrophin signaling pathway,67/3616,120/9387,0.5583333333333333,1.4494123340707965,3.9218861084763192,8.191892147616607e-5,5.466512644659543e-4,3.4160521911113785e-4,PLCG2/RAPGEF1/SORT1/ABL1/IRS1/IRAK3/CAMK2G/NTRK1/AKT1/PSEN2/PIK3CD/MAPK10/MATK/CDC42/RPS6KA1/CALML4/TP73/CRK/BCL2/CAMK2B/SHC2/NTF3/RPS6KA2/NFKBIE/BAD/NGFR/ARHGDIG/PIK3R1/CAMK2A/RAC1/AKT2/SH2B2/MAP2K1/FOXO3/MAPKAPK2/NTF4/MAP2K5/NTRK3/AKT3/KIDINS220/RHOA/PIK3R3/PRKCD/SOS2/IKBKB/BDNF/PSEN1/IRAK2/PDPK1/SHC3/PTPN11/PIK3CB/SH2B3/CAMK4/RAP1B/YWHAE/GRB2/NGF/MAPK1/FRS2/MAPK14/MAP3K5/CALML6/RAP1A/RELA/SHC4/PLCG1,67
Environmental Information Processing,Signal transduction,hsa04390,Hippo signaling pathway,84/3616,157/9387,0.535031847133758,1.3889225522800295,3.8899234194583667,8.730880758508749e-5,5.716255892834974e-4,3.572118046182328e-4,BMP8B/SMAD3/NKD1/SCRIB/AXIN2/WNT5B/ID2/PRKCZ/ITGB2/NF2/BMP8A/PPP1CC/TEAD2/PARD6G/LLGL2/FGF1/FZD9/TEAD1/CDH1/AXIN1/TCF7L2/WNT3/CSNK1E/GLI2/WWTR1/TP73/PPP2R2C/STK3/WNT2B/PPP2R2D/LIMD1/PATJ/CSNK1D/WNT11/DLG5/WNT3A/TCF7/LATS2/WNT4/BMP6/BMP7/DLG2/TEAD4/ACTB/PARD3/CTNNA3/APC/PARD6B/WNT7B/TGFB3/WWC1/DLG4/SMAD7/YWHAZ/CTNNA1/ACTG1/RASSF1/NKD2/FRMD6/DVL1/WNT9B/TCF7L1/AJUBA/BMPR2/BBC3/SERPINE1/YWHAG/CCND3/DVL2/PPP2CB/BTRC/CCND1/FRMD1/BIRC5/YWHAE/PALS1/GDF5/TEAD3/CRB1/WNT7A/MOB1B/LLGL1/WNT10B/WTIP,84
Environmental Information Processing,Signaling molecules and interaction,hsa04512,ECM-receptor interaction,52/3616,89/9387,0.5842696629213483,1.5167420701998608,3.8770642833894664,1.0472405274745523e-4,6.729490056179067e-4,4.205293346194108e-4,HSPG2/LAMA5/ITGB6/ITGA6/AGRN/ITGA10/COL4A2/VWF/LAMA3/LAMC1/LAMC3/ITGA11/TNR/THBS1/ITGB1/TNXB/LAMB4/THBS2/ITGA9/LAMB3/COL6A6/ITGAV/SV2C/FRAS1/COL1A1/COL9A3/GP6/LAMB2/DAG1/COL6A1/SV2B/ITGA3/COL6A2/ITGA7/TNN/CHAD/LAMA1/ITGA2/LAMB1/DSPP/SDC4/MEPE/ITGA8/ITGB5/COL4A1/THBS4/RELN/LAMA4/VTN/ITGA1/FREM1/COL6A5,52
Organismal Systems,Endocrine system,hsa04918,Thyroid hormone synthesis,45/3616,75/9387,0.6,1.5575774336283186,3.837454907931226,1.2715507220264994e-4,8.02232910078537e-4,5.013195191147539e-4,DUOX1/PRKCA/PAX8/TG/ADCY2/ADCY7/GNAS/ADCY9/FXYD2/CREB3L3/ATP1A4/GPX7/PRKCB/ADCY8/ADCY3/ITPR3/PLCB1/ADCY6/PLCB2/ITPR1/CREB3L2/ADCY1/IYD/ATP1B1/ATP1A3/GSR/CREB5/ADCY5/DUOXA2/DUOX2/CREB3L1/GPX3/PDIA4/TSHR/PRKCG/TPO/PRKACA/GPX6/PRKACG/GNAQ/SLC5A5/ATP1A2/PLCB4/GPX5/ITPR2,45
Metabolism,Carbohydrate metabolism,hsa00562,Inositol phosphate metabolism,44/3616,73/9387,0.6027397260273972,1.5646896593526487,3.833823339225918,1.2979670971895714e-4,8.042760405799665e-4,5.025962819944581e-4,PLCG2/PLCD3/INPP4B/IMPA2/ITPK1/INPP5A/INPP5D/MTMR6/PIK3CD/SYNJ2/INPP4A/INPP5F/PLCB1/PIK3C2A/PIK3C2B/PIP5K1C/PLCB2/ITPKB/PIP4K2B/ITPKA/PI4K2A/IPPK/PIP4K2A/MTMR2/INPP5J/MTMR4/PLCH2/ITPKC/PLCH1/PI4KA/PIP4K2C/MTMR3/MTMR14/SACM1L/PLCD1/MIOX/PIP5K1B/TPI1/PIK3CB/INPP1/INPP5K/FIG4/PLCB4/PLCG1,44
Environmental Information Processing,Signal transduction,hsa04070,Phosphatidylinositol signaling system,56/3616,98/9387,0.5714285714285714,1.4834070796460177,3.807768278801985,1.3339501640545454e-4,8.120714156612758e-4,5.074676524381096e-4,PLCG2/PLCD3/INPP4B/IP6K2/IMPA2/ITPK1/PRKCA/INPP5A/INPP5D/MTMR6/DGKG/PIK3CD/DGKQ/CALML4/SYNJ2/INPP4A/PRKCB/INPP5F/ITPR3/PLCB1/PIK3C2A/PIK3C2B/IP6K3/PIP5K1C/PIK3R1/PLCB2/ITPKB/PIP4K2B/ITPKA/ITPR1/DGKD/PI4K2A/IPPK/PIP4K2A/PIK3R3/MTMR2/MTMR4/ITPKC/CDS2/PI4KA/IP6K1/PIP4K2C/MTMR3/MTMR14/SACM1L/PLCD1/DGKI/PIP5K1B/PRKCG/PIK3CB/INPP1/PPIP5K1/PLCB4/CALML6/ITPR2/PLCG1,56
Organismal Systems,Endocrine system,hsa04927,Cortisol synthesis and secretion,40/3616,65/9387,0.6153846153846154,1.5975153165418652,3.826309711608666,1.3749240541083597e-4,8.225838737510358e-4,5.140369421893324e-4,POMC/CACNA1H/ADCY2/ADCY7/GNAS/CACNA1C/AGT/ADCY9/SCARB1/GNA11/CREB3L3/CACNA1D/PDE8B/ADCY8/ADCY3/ITPR3/PLCB1/CACNA1S/ADCY6/LDLR/PLCB2/NR4A1/ITPR1/CREB3L2/ADCY1/KCNK3/CACNA1G/PBX1/CREB5/CACNA1I/ADCY5/CREB3L1/PRKACA/PRKACG/GNAQ/NR5A1/PLCB4/ORAI1/PDE8A/ITPR2,40
Cellular Processes,Cell motility,hsa04814,Motor proteins,101/3616,197/9387,0.5126903553299492,1.3309248798346884,3.7156408244087196,1.621931869089412e-4,9.539158619898745e-4,5.961069848928079e-4,KIF21B/MYO10/MYO7B/MYH11/KIF17/TNNT1/DNAI2/TNNI3/CAPZB/MYH9/DNAH17/MYO18B/KIF26B/MYH3/MYO1A/MYO3B/MYH7B/DNAH1/MYO15B/KIF5C/KLC1/KIF11/KIF25/DNAH3/TNNI1/DNAH14/KIF19/MYO9B/BICDL1/MYO1C/MYO1D/KIF16B/KIF1A/ACTR1A/KLC2/DNAI4/MYO5C/KIFC1/TUBA4A/KIF13A/KIF12/MYH13/MYL3/KIF1C/MYH14/MYO15A/ACTA2/DNAH2/MYO1G/ACTB/KIF24/DNAH10/KIF22/DNAH6/MYO7A/KIFC3/STARD9/TNNC2/TNNT3/KIF2C/MYO6/ACTG1/TUBA3D/MYO19/KIF5A/TNNT2/TUBA3E/MYO18A/KIF7/DYNLT5/KIF13B/TPM1/DYNLL2/MYO1F/MYO1E/DNAH12/MYL5/KIF5B/TUBA8/MYH6/MYO5A/MYO1B/KIF3C/KIF3B/MYO5B/TUBA1C/KIF27/MYO16/DNAI1/MYL2/DCTN2/KIF6/KIF9/KLC3/MYH7/DNAH5/DYNC1I1/DNAH8/TPM4/MYH10/DNAH11,101
Cellular Processes,Transport and catabolism,hsa04142,Lysosome,72/3616,133/9387,0.5413533834586466,1.4053330228225431,3.7265075813047432,1.689567105639453e-4,9.77132976094817e-4,6.106154802837322e-4,LITAF/SORT1/MEAK7/GALNS/IDUA/AGA/SLC11A2/ABCB9/NAPSA/GM2A/NCOA7/CTSB/AP1G2/IGF2R/CTSD/TCIRG1/NAGLU/PSAPL1/ARSG/ARSB/ABCA2/NPC1/SUMF1/AP3B2/HGSNAT/LAPTM5/AP1S1/CLN3/SCARB2/MFSD8/FUCA2/ARSA/PLA2G15/HYAL3/HYAL1/CLTC/GBA1/LAMP1/ENTPD4/ATP6V0A1/AP3S2/ATP6V0D1/SGSH/HEXB/CLTCL1/HYAL2/AP3D1/AP1B1/MANBA/GGA2/AP1M1/CD68/AP1M2/LIPA/AP3B1/GLB1/LGMN/TPP1/GGA3/MAN2B1/GAA/DMXL1/LAMP3/PPT2/AP4M1/NAGA/NAGPA/GNPTG/AP4S1/LAPTM4B/PSAP/LAPTM4A,72
Environmental Information Processing,Signal transduction,hsa04392,Hippo signaling pathway - multiple species,21/3616,29/9387,0.7241379310344828,1.87983483368935,3.756103747399307,2.187627368140817e-4,0.001244437207778465,7.776552853097642e-4,NF2/RASSF2/TEAD2/TEAD1/CSNK1E/WWTR1/STK3/LIMD1/LATS2/TEAD4/WWC1/RASSF1/FRMD6/DCHS1/AJUBA/RASSF4/FAT4/FRMD1/TEAD3/MOB1B/WTIP,21
Environmental Information Processing,Signal transduction,hsa04330,Notch signaling pathway,38/3616,62/9387,0.6129032258064516,1.5910737225235512,3.696085639942908,2.2649948573493173e-4,0.0012676664766132469,7.921713762546e-4,MAML3/CREBBP/RBPJL/NCOR2/DLL4/CTBP2/DTX2/PSEN2/ITCH/MAML2/TLE6/DLL3/KAT2A/DLL1/NOTCH2/CTBP1/DTX1/DTX3/JAG1/NOTCH1/SPEN/DTX4/TLE7/TLE4/ATXN1/HDAC1/TLE2/NOTCH3/DVL1/TLE3/PSEN1/RFNG/MAML1/DVL2/NUMB/NUMBL/NOTCH4/ATXN1L,38
Cellular Processes,Transport and catabolism,hsa04148,Efferocytosis,82/3616,157/9387,0.5222929936305732,1.3558529677019333,3.5591682324218654,3.0153873316837336e-4,0.0016608561969750088,0.001037877678073265,ALOX5/RXRA/VPS16/PLA2G6/NFATC1/GAS6/STAB2/ATP8A2/CASP3/SPHK2/MERTK/RAB7A/CAMK2G/CPT1A/MEGF11/ATP11A/THBS1/MEGF10/DOCK1/STAB1/ATP2A3/ANO9/XKR8/NR1H2/DNMT3A/ELMO1/SIRPA/CRK/BCAR1/RAB5C/PPARG/RAB17/ADGRB1/ABCA1/CAMK2B/ITGAV/ATP2A1/PPARD/ALOX15/C1QB/CAMK2A/ANO7/RAC1/NFATC2/SLC2A1/MAP2K1/MAPKAPK2/SLC66A1/PLA2G15/NFATC3/PBX1/TYRO3/JAK2/SCARF1/P2RY6/LRP1/NFATC4/RAB7B/XKR6/LIPA/VPS33A/DUSP7/P2RY2/PECAM1/PANX1/PTPN11/CX3CR1/MFGE8/ATP8A1/TMEM30A/ANO5/PTPN6/DUSP5/ITGB5/DUSP16/XKR4/DUSP8/MAPK1/MAPK14/ATP2A2/XKR9/ANO6,82
Human Diseases,Cancer: specific types,hsa05223,Non-small cell lung cancer,43/3616,73/9387,0.589041095890411,1.5291285307309976,3.5923896904582158,3.1713910875689024e-4,0.0017194886052912643,0.0010745173750644635,PLCG2/RXRA/E2F2/RASSF5/PRKCA/AKT1/PIK3CD/E2F3/FHIT/KIF5C/PRKCB/ALK/RARB/BAD/PIK3R1/AKT2/TGFA/RET/MAP2K1/FOXO3/EGFR/AKT3/RXRB/PIK3R3/SOS2/KIF5A/RASSF1/STAT3/BAK1/KIF5B/PDPK1/STAT5B/PRKCG/PIK3CB/CCND1/RB1/GRB2/STAT5A/MAPK1/ERBB2/CASP9/CDK6/PLCG1,43
Human Diseases,Endocrine and metabolic disease,hsa04930,Type II diabetes mellitus,30/3616,47/9387,0.6382978723404256,1.6569972698173603,3.574110738705926,3.7793585498304647e-4,0.0020035206005830732,0.0012520104465952161,KCNJ11/PRKCZ/PRKCE/CACNA1A/IRS1/CACNA1C/INSR/PIK3CD/MAPK10/CACNA1D/PKLR/MTOR/CACNA1B/ABCC8/HK1/HK2/IRS2/PIK3R1/TNF/CACNA1G/CACNA1E/PIK3R3/PRKCD/IKBKB/HK3/PIK3CB/PKM/MAPK1/SOCS1/ADIPOQ,30
Metabolism,Lipid metabolism,hsa00600,Sphingolipid metabolism,34/3616,55/9387,0.6181818181818182,1.6047767497988736,3.560557593456887,3.810730825316508e-4,0.0020035206005830732,0.0012520104465952161,SPHK2/GAL3ST1/PLPP3/GM2A/CERK/PLPP2/DEGS1/SGPL1/PSAPL1/SPTLC3/CERS4/NEU3/SGMS1/SMPD4/ARSA/GBA1/CERS1/DEGS2/HEXB/B4GALT5/SMPD3/ACER2/NEU2/GLB1/SAMD8/SGPP2/CERS3/GBA2/SPTLC2/UGCG/SPTLC1/CERS5/PSAP/KDSR,34
Human Diseases,Cancer: overview,hsa05205,Proteoglycans in cancer,102/3616,204/9387,0.5,1.2979811946902655,3.405968266167964,4.93825913992862e-4,0.00255757600232124,0.0015982425496076918,PLCG2/HSPG2/WNT5B/PRKCA/IGF2/CASP3/PPP1CC/ANK2/PPP1R12B/CAMK2G/PLAU/AKT1/ANK1/VAV2/GPC1/FZD9/PIK3CD/TIAM1/THBS1/ITGB1/CDC42/WNT3/ERBB3/CTTN/TWIST2/SLC9A1/PRKCB/MTOR/PTCH1/WNT2B/PPP1R12C/ITPR3/CAMK2B/ITGAV/ERBB4/WNT11/EZR/COL1A1/WNT3A/ROCK1/PIK3R1/CAMK2A/RAC1/WNT4/AKT2/FAS/PXN/ACTB/MAP2K1/ITPR1/SRC/WNT7B/EGFR/TNF/AKT3/IQGAP1/RHOA/PIK3R3/HPSE2/SOS2/ACTG1/MMP2/PLAUR/TIMP3/RDX/HCLS1/MRAS/STAT3/IGF1R/WNT9B/RPS6KB2/ITGA2/VAV1/ARHGEF1/PDPK1/PTPN11/FGFR1/PRKCG/PRKACA/PIK3CB/SDC4/CCND1/CBL/PRKACG/PTPN6/ITGB5/GRB2/MAPK1/WNT7A/ERBB2/VTN/FRS2/MAPK14/VAV3/WNT10B/ESR1/ROCK2/RRAS2/ANK3/ITPR2/CAV3/PLCG1,102
Organismal Systems,Nervous system,hsa04726,Serotonergic synapse,62/3616,115/9387,0.5391304347826087,1.3995623316660253,3.4125238568281535,5.387312964411499e-4,0.0027491141156629267,0.0017179357131095491,ALOX5/PRKCA/CASP3/CACNA1A/KCND2/GNG7/GNAS/CACNA1C/RAPGEF3/KCNJ6/CACNA1D/GNG4/PRKCB/CACNA1B/ITPR3/PLCB1/CACNA1S/GNG13/HTR6/ALOX15/GNB1/PLCB2/KCNJ5/GNAO1/SLC6A4/KCNJ3/GNG12/MAP2K1/ITPR1/PLA2G4D/ADCY5/HTR3A/PTGS1/HTR7/HTR5A/DDC/HTR2A/ALOX12/PRKCG/PLA2G4B/PRKACA/GABRB2/GNG2/GNAI2/CYP2C19/PRKACG/GNB5/GNAQ/HTR4/GNG10/HTR3B/GABRB3/SLC18A2/GNB2/MAPK1/PLCB4/APP/ITPR2/PLA2G4C/SLC18A1/GNB3/GNGT1,62
Genetic Information Processing,Replication and repair,hsa03410,Base excision repair,28/3616,44/9387,0.6363636363636364,1.6519760659694287,3.4311820842238077,6.336055218075907e-4,0.0031863929864816517,0.001991193554422024,MPG/POLG/APTX/RFC2/LIG1/POLE3/PARP4/POLE/POLD3/POLD1/TDP1/LIG3/MBD4/NEIL1/ADPRS/PARP1/XRCC1/MUTYH/POLD4/NEIL3/OGG1/HMGB1/SMUG1/FEN1/NEIL2/POLE2/PARG/POLL,28
Organismal Systems,Endocrine system,hsa04910,Insulin signaling pathway,72/3616,138/9387,0.5217391304347826,1.3544151596767986,3.319964135550029,7.124078270191662e-4,0.003531507371080724,0.0022068573288112517,RPTOR/PTPRF/RAPGEF1/PRKCZ/PRKAR1B/PYGB/PPP1CC/INPP5A/FASN/IRS1/FBP1/ACACA/LIPE/AKT1/INSR/PHKB/MKNK2/PIK3CD/MAPK10/TSC2/PTPN1/CALML4/PKLR/MTOR/CRK/EIF4E1B/PRKAB1/PYGL/SHC2/HK1/PRKAG2/PRKAR1A/BAD/G6PC1/HK2/IRS2/PIK3R1/PRKAR2B/AKT2/SH2B2/MAP2K1/SORBS1/EXOC7/AKT3/PIK3R3/SOS2/IKBKB/EIF4EBP1/PYGM/MKNK1/G6PC3/FOXO1/RPS6KB2/ACACB/PDPK1/SHC3/EIF4E/HK3/GYS1/PRKACA/PIK3CB/RHOQ/CBL/PPP1R3C/PRKACG/TSC1/FLOT2/GRB2/MAPK1/SOCS1/CALML6/SHC4,72
Organismal Systems,Immune system,hsa04670,Leukocyte transendothelial migration,62/3616,116/9387,0.5344827586206896,1.3874971391516628,3.324016365035685,7.272492608323415e-4,0.0035467263105450086,0.002216367723258825,PLCG2/CLDN14/RASSF5/ITGB2/CLDN10/ITGAL/PRKCA/ACTN1/VAV2/ACTN4/RAPGEF3/PIK3CD/ITGB1/CDC42/PRKCB/BCAR1/EZR/NCF2/ROCK1/ITGAM/PIK3R1/ITK/RAC1/PXN/ACTB/RAPGEF4/CLDN11/CTNNA3/AFDN/CLDN12/RHOA/PIK3R3/CTNNA1/CLDN19/ACTG1/PTK2B/MMP2/NCF4/ARHGAP35/CDH5/RHOH/VAV1/PECAM1/MYL5/RAC2/PTPN11/PRKCG/PIK3CB/RAP1B/GNAI2/MYL2/CLDN7/MAPK14/VAV3/RAP1A/ROCK2/CTNND1/VCL/CLDN16/CLDN8/PLCG1/CLDN20,62
Environmental Information Processing,Signal transduction,hsa04310,Wnt signaling pathway,88/3616,174/9387,0.5057471264367817,1.3129005187671654,3.297686151256996,7.359201566548721e-4,0.0035467263105450086,0.002216367723258825,SMAD3/NKD1/AXIN2/WNT5B/SERPINF1/ROR1/NFATC1/CREBBP/APCDD1/PRKCA/CTBP2/CCDC88C/CAMK2G/FZD9/MAPK10/AXIN1/SIAH1/TCF7L2/WNT3/CSNK1E/TLE6/ROR2/VANGL1/PRKCB/APCDD1L/ZNRF3/RSPO1/WNT2B/PLCB1/CAMK2B/PPP3CC/CTBP1/LRP5/PPARD/WNT11/WNT3A/TCF7/CAMK2A/PLCB2/RAC1/WNT4/NFATC2/PRICKLE4/MCC/LZTS2/APC/WNT7B/NFATC3/CTNNBIP1/TLE7/RHOA/TLE4/RNF43/CSNK1A1/NOTUM/VANGL2/PRICKLE2/NKD2/SOST/CTNND2/TLE2/DAAM2/NFATC4/CCN4/DVL1/TLE3/CUL1/PSEN1/WNT9B/TCF7L1/RUVBL1/SFRP5/CCAR2/RAC2/CCND3/PRKCG/TBL1XR1/PRKACA/DVL2/BTRC/CCND1/RYK/PRKACG/WNT7A/PLCB4/WNT10B/ROCK2/DAAM1,88
Metabolism,Glycan biosynthesis and metabolism,hsa00511,Other glycan degradation,14/3616,18/9387,0.7777777777777778,2.0190818584070795,3.425529028497745,8.142582916439583e-4,0.003851440873225778,0.002406785438751737,MAN2B2/AGA/NEU3/FUCA2/HEXD/GBA1/ENGASE/HEXB/MAN2C1/MANBA/NEU2/GLB1/MAN2B1/GBA2,14
Human Diseases,Drug resistance: antineoplastic,hsa01522,Endocrine resistance,54/3616,99/9387,0.5454545454545454,1.4159794851166532,3.2934976329533203,8.324439927721421e-4,0.003851440873225778,0.002406785438751737,E2F2/DLL4/ADCY2/ADCY7/GNAS/AKT1/ADCY9/PIK3CD/MAPK10/E2F3/BIK/DLL3/MTOR/BCL2/ADCY8/ADCY3/DLL1/SHC2/NOTCH2/BAD/ADCY6/PIK3R1/JAG1/AKT2/NOTCH1/GPER1/ESR2/MAP2K1/ADCY1/SRC/EGFR/AKT3/PIK3R3/SOS2/MMP2/ADCY5/NOTCH3/IGF1R/RPS6KB2/SHC3/PRKACA/PIK3CB/CCND1/ABCB11/PRKACG/RB1/GRB2/MAPK1/ERBB2/MAPK14/NCOA3/ESR1/NOTCH4/SHC4,54
Human Diseases,Cancer: overview,hsa05231,Choline metabolism in cancer,54/3616,99/9387,0.5454545454545454,1.4159794851166532,3.2934976329533203,8.324439927721421e-4,0.003851440873225778,0.002406785438751737,PRKCA/WASF2/SLC44A1/CHKA/PLPP3/AKT1/DGKG/PIK3CD/DGKQ/MAPK10/TSC2/PRKCB/MTOR/PLPP2/PDGFRA/PLD1/PDGFRB/PIP5K1C/RALGDS/PDGFB/SLC44A2/PIK3R1/RAC1/AKT2/PCYT1A/CHKB/MAP2K1/SLC22A4/DGKD/EGFR/SLC22A1/AKT3/SLC44A3/PIK3R3/PLA2G4D/SOS2/EIF4EBP1/PLD2/RPS6KB2/RAC2/PDPK1/DGKI/PIP5K1B/PRKCG/PLA2G4B/PIK3CB/SLC22A3/TSC1/GRB2/MAPK1/LYPLA1/PDGFC/PLA2G4C/PLCG1,54
Environmental Information Processing,Signal transduction,hsa04066,HIF-1 signaling pathway,59/3616,110/9387,0.5363636363636364,1.3923798270313756,3.276635893496878,8.615294072279124e-4,0.0039335618987906005,0.002458103294860803,PLCG2/EPAS1/NOS3/PDHB/CREBBP/PRKCA/IFNGR2/CAMK2G/PFKP/AKT1/INSR/MKNK2/PIK3CD/FLT1/TF/PRKCB/MTOR/BCL2/EIF4E1B/CAMK2B/HK1/ENO3/HK2/PIK3R1/CAMK2A/AKT2/SLC2A1/IL6R/MAP2K1/EGFR/AKT3/ELOC/NOS2/PIK3R3/PFKL/EIF4EBP1/MKNK1/PFKFB3/ALDOC/STAT3/IGF1R/RPS6KB2/NPPA/SERPINE1/PRKCG/EIF4E/HK3/PIK3CB/TEK/LDHC/ANGPT4/TFRC/ELOB/LDHA/MAPK1/ERBB2/HMOX1/RELA/PLCG1,59
Organismal Systems,Digestive system,hsa04970,Salivary secretion,53/3616,97/9387,0.5463917525773195,1.4184124395584343,3.2787744835385157,8.780119360546673e-4,0.00395675508845415,0.0024725968397438344,BST1/PRKCA/KCNMA1/ADCY2/ADCY7/GNAS/CHRM3/ADCY9/FXYD2/ATP1A4/CD38/ADRB3/CALML4/ADRA1B/SLC9A1/PRKG1/PRKCB/ATP2B2/CST4/ADCY8/ADCY3/ITPR3/PLCB1/CST3/RYR3/ADCY6/PLCB2/ITPR1/ADCY1/ADRA1D/SLC4A2/ATP1B1/ATP1A3/KCNN4/AMY2B/ADCY5/ATP2B4/NOS1/DMBT1/PRKCG/PRKACA/PRKACG/GNAQ/MUC5AC/MUC5B/CST5/SLC12A2/AQP5/ATP1A2/PLCB4/CALML6/PRH1/ITPR2,53
Organismal Systems,Endocrine system,hsa04923,Regulation of lipolysis in adipocytes,35/3616,59/9387,0.5932203389830508,1.5399776886155692,3.2933394868922665,9.363700461683898e-4,0.00416564623103117,0.002603134001493769,ADORA1/IRS1/ADCY2/ADCY7/MGLL/GNAS/LIPE/AKT1/ADCY9/INSR/PIK3CD/ADRB3/PRKG1/ADCY8/ADCY3/PLIN1/AQP7/ADCY6/IRS2/PIK3R1/AKT2/ADCY1/AKT3/PIK3R3/ADCY5/PTGS1/NPPA/TSHR/PRKACA/PIK3CB/GNAI2/PRKACG/CIDEC/NPR1/PNPLA2,35
Organismal Systems,Endocrine system,hsa04912,GnRH signaling pathway,51/3616,93/9387,0.5483870967741935,1.4235922780473877,3.2495043550110965,9.758756896855656e-4,0.004286441320517611,0.002678619481348788,PRKCA/ADCY2/ADCY7/GNAS/CAMK2G/CACNA1C/ADCY9/MAPK10/GNA11/CDC42/CACNA1D/CALML4/MAP2K4/PRKCB/PLD1/ADCY8/MAP2K3/ADCY3/ITPR3/PLCB1/CAMK2B/MAP3K4/CACNA1S/ADCY6/CAMK2A/PLCB2/MAP2K1/ITPR1/ADCY1/SRC/EGFR/GNRH2/PLA2G4D/PRKCD/SOS2/PTK2B/MMP2/PLD2/ADCY5/PLA2G4B/PRKACA/PRKACG/GNAQ/GRB2/MAPK1/MAPK14/PLCB4/CALML6/LHB/ITPR2/PLA2G4C,51
Human Diseases,Endocrine and metabolic disease,hsa04934,Cushing syndrome,79/3616,155/9387,0.5096774193548387,1.32310341136169,3.2106165735302117,0.0010039368267151353,0.0043545759858768995,0.002721197188201551,ARMC5/POMC/CACNA1H/AXIN2/E2F2/WNT5B/ADCY2/ADCY7/GNAS/CAMK2G/CACNA1C/AGT/ADCY9/FZD9/SCARB1/E2F3/AXIN1/GNA11/CREB3L3/TCF7L2/WNT3/CACNA1D/PDE8B/ADCY8/WNT2B/ADCY3/ITPR3/PLCB1/CAMK2B/CACNA1S/WNT11/WNT3A/CRHR1/TCF7/ADCY6/LDLR/CAMK2A/PLCB2/WNT4/NR4A1/PDE11A/MAP2K1/ITPR1/CREB3L2/APC/ADCY1/KCNK3/WNT7B/EGFR/CACNA1G/PBX1/CREB5/CACNA1I/ADCY5/CREB3L1/DVL1/WNT9B/KMT2D/TCF7L1/KMT2A/PRKACA/DVL2/CRHR2/CCND1/RAP1B/GNAI2/PRKACG/GNAQ/RB1/NR5A1/MAPK1/WNT7A/PLCB4/CDK6/WNT10B/RAP1A/ORAI1/PDE8A/ITPR2,79
Environmental Information Processing,Signal transduction,hsa04150,mTOR signaling pathway,80/3616,158/9387,0.5063291139240507,1.3144113363952057,3.154847461408775,0.0012004013081307746,0.005142459924955294,0.0032135499606879736,RPTOR/CLIP1/WNT5B/FLCN/PRKCA/PRR5/IRS1/TELO2/PRR5L/AKT1/INSR/LPIN2/FZD9/GRB10/PIK3CD/TSC2/LPIN1/WNT3/RPS6KA1/PRKCB/MTOR/FNIP1/EIF4E1B/WDR59/WNT2B/STK11/RPS6KA2/LRP5/WNT11/WNT3A/PIK3R1/DEPDC5/WNT4/AKT2/WDR24/MAP2K1/SLC3A2/WNT7B/SKP2/TNF/AKT3/RHOA/ATP6V1C2/PIK3R3/SOS2/IKBKB/NPRL3/EIF4EBP1/CAB39/STRADA/LPIN3/ATP6V1B1/DVL1/SEC13/MAPKAP1/IGF1R/WNT9B/RPS6KB2/SLC7A5/PDPK1/PRKCG/EIF4E/DVL2/PIK3CB/SEH1L/LAMTOR3/RNF152/TSC1/GRB2/DEPTOR/RRAGC/FNIP2/MAPK1/WNT7A/MLST8/CASTOR1/WNT10B/CASTOR2/ATP6V1G1/SLC38A9,80
Organismal Systems,Nervous system,hsa04721,Synaptic vesicle cycle,44/3616,79/9387,0.5569620253164557,1.445852470034726,3.1499632283863357,0.0013955749496553343,0.005876681618007409,0.0036723689164554116,CPLX2/SLC6A12/CACNA1A/SLC6A3/UNC13A/STXBP1/AP2A2/AP2S1/CACNA1B/TCIRG1/SLC6A9/SLC6A7/AP2A1/ATP6V0E1/SLC6A4/UNC13B/CLTC/DNM2/ATP6V1C2/ATP6V0A1/ATP6V0D1/CPLX1/ATP6V0E2/CLTCL1/STX1A/AP2M1/SLC6A2/ATP6V1B1/SLC6A1/SLC6A13/DNM3/DNM1/SLC18A3/SLC1A2/SLC1A6/UNC13C/SLC18A2/CPLX3/STX1B/NAPA/SLC1A7/SLC6A11/ATP6V1G1/SLC18A1,44
Human Diseases,Infectious disease: bacterial,hsa05131,Shigellosis,121/3616,253/9387,0.4782608695652174,1.2415472297037322,3.0829094329208386,0.0014056615973908214,0.005876681618007409,0.0036723689164554116,PLCG2/PLCD3/RPTOR/TECPR1/SEPTIN9/PRKCE/FNBP1L/WASF2/MAP1LC3C/ACTN1/PFN3/ELMO2/NLRP3/AKT1/ACTN4/TLN2/PIK3CD/MAPK10/ITGB1/TRAF5/CDC42/DOCK1/C3/ATG16L1/TAB2/CTTN/ELMO1/GSK3A/MTOR/CRK/BCAR1/CYTH4/BCL2/TAB1/ARPC1B/ARPC1A/BCL2L1/ITPR3/PLCB1/HK1/PFN1/WIPI1/SEPTIN12/ROCK1/HK2/FOXO6/SQSTM1/MAP1LC3A/PIK3R1/SEPTIN7/PLCB2/RAC1/SEPTIN3/AKT2/ARHGEF2/CYTH3/ATG5/PXN/ACTB/FOXO3/ITPR1/IL1R1/PRKCQ/SRC/EGFR/TNF/UBA52/AKT3/CAST/STING1/SEPTIN8/RHOA/PIK3R3/UBE2D2/WIPI2/PRKCD/IKBKB/ACTG1/TNIP1/TLN1/HCLS1/CYTH1/NOD1/MALT1/SHARPIN/ACTR2/CUL1/MAP1LC3B2/ACTR3B/FOXO1/VDAC1/RPS6KB2/H3Y1/PLCD1/MYL5/DIAPH1/H3C6/ARPC5L/SEPTIN11/HK3/PIK3CB/CAPN2/BTRC/IL1B/CYCS/MYL2/CYTH2/RRAGC/IRF3/MAPK1/RBCK1/MAPK14/PLCB4/ARPC2/ROCK2/VCL/ARPC3/ITPR2/RELA/FNBP1/PLCG1,121
Metabolism,Lipid metabolism,hsa00564,Glycerophospholipid metabolism,55/3616,103/9387,0.5339805825242718,1.3861935088925164,3.119499821145644,0.0014557255982420255,0.006013533126071225,0.0037578881358127474,PISD/PGS1/LPCAT1/PEMT/PLA2G6/PLA2G2E/PNPLA7/CHKA/PLPP3/LPIN2/DGKG/DGKQ/LPIN1/PLA2G2D/PLA2G2C/PCYT2/MBOAT1/GPD2/PLPP2/PLD1/LOC128966744/PLA2G5/AGPAT4/PCYT1A/PLB1/CHKB/MBOAT2/SGMS1/PLPP4/PLA2G15/DGKD/PTDSS1/LCLAT1/AGPAT2/PLA2G4D/CHAT/CDS2/LYPLA2/AGPAT3/PLD2/LPIN3/ETNK2/GPD1L/PLA1A/ACHE/PLD3/SAMD8/DGKI/PLA2G12B/PLA2G4B/GPAT4/PLA2G3/LYPLA1/PLA2G4C/AGPAT5,55
Organismal Systems,Endocrine system,hsa04926,Relaxin signaling pathway,67/3616,130/9387,0.5153846153846153,1.337919077603812,3.0709885982468093,0.0016246504408158576,0.006632396505448265,0.004144619081214448,PRKCZ/VEGFB/NOS3/ARRB2/PRKCA/COL4A2/ADCY2/ADCY7/GNG7/GNAS/AKT1/ADCY9/PIK3CD/MAPK10/CREB3L3/MAP2K4/GNG4/RXFP3/ADCY8/ADCY3/PLCB1/SHC2/GNG13/COL1A1/ADCY6/GNB1/PIK3R1/PLCB2/AKT2/GNAO1/ACTA2/GNG12/MAP2K1/RXFP1/CREB3L2/ADCY1/SRC/EGFR/AKT3/NOS2/PIK3R3/SOS2/MMP2/CREB5/GNA15/ADCY5/NOS1/CREB3L1/SHC3/PRKACA/PIK3CB/GNG2/ARRB1/GNAI2/PRKACG/GNB5/GNG10/GRB2/COL4A1/GNB2/MAPK1/MAPK14/PLCB4/RELA/SHC4/GNB3/GNGT1,67
Environmental Information Processing,Signal transduction,hsa04012,ErbB signaling pathway,47/3616,86/9387,0.5465116279069767,1.4187236314056388,3.0877407109631867,0.0016694260703741758,0.00673594007464929,0.004209323996292291,PLCG2/PRKCA/ABL1/CAMK2G/AKT1/PIK3CD/MAPK10/ERBB3/MAP2K4/PRKCB/MTOR/CRK/CAMK2B/SHC2/ERBB4/BAD/PIK3R1/CAMK2A/AKT2/TGFA/PAK4/MAP2K1/SRC/EGFR/AKT3/PIK3R3/NRG4/NRG2/NRG1/SOS2/EIF4EBP1/PAK6/RPS6KB2/NCK2/STAT5B/SHC3/PRKCG/PAK2/PIK3CB/CBL/GRB2/STAT5A/MAPK1/ERBB2/ABL2/SHC4/PLCG1,47
Human Diseases,Infectious disease: bacterial,hsa05130,Pathogenic Escherichia coli infection,99/3616,203/9387,0.4876847290640394,1.2660112145254805,3.032920147904457,0.0017017492052675224,0.006787436485377359,0.0042415043712656945,F2/CLDN14/MYO10/TIRAP/CLDN10/MYH11/CASP3/ABL1/WASF2/CYFIP2/MYH9/NLRP3/GNA12/TNFRSF10B/MYO1A/MAPK10/ITGB1/CDC42/TAB2/CTTN/FCGR2A/ARHGEF11/CYTH4/BAIAP2/TAB1/ARPC1B/ARPC1A/MYO1C/MYO1D/MYO5C/TUBA4A/EZR/ROCK1/CYFIP1/BAIAP2L1/MYH14/RAC1/FAS/ARHGEF2/CYTH3/TMBIM6/NLRP4/MYO1G/ACTB/WIPF3/CLDN11/IL1R1/SRC/TNF/TNFRSF10A/CLDN12/RHOA/MYO6/RAB1A/CLDN19/IKBKB/ACTG1/TUBA3D/TUBA3E/HCLS1/CYTH1/ACTR2/ACTR3B/NHERF1/BAK1/NCK2/ARHGEF1/MYO1F/MYO1E/TUBA8/PTPN11/MYO5A/RPS3/ARPC5L/PAK2/MYO1B/IL1B/MYO5B/ABCF2/NCL/TUBA1C/CYCS/PTPN6/ABI1/CYTH2/CLDN7/MAPK1/MAPK14/CASP9/ARPC2/ROCK2/ARPC3/CLDN16/RELA/CLDN8/FYN/NCKAP1L/MYH10/CLDN20,99
Organismal Systems,Immune system,hsa04664,Fc epsilon RI signaling pathway,39/3616,69/9387,0.5652173913043478,1.4672830896498654,3.0837006034784236,0.0017724181793641871,0.006925266759313175,0.00432763522650846,PLCG2/LAT/ALOX5/PRKCA/INPP5D/AKT1/ALOX5AP/VAV2/PIK3CD/MAPK10/MAP2K4/MAP2K3/PIK3R1/RAC1/AKT2/LYN/LCP2/SYK/MAP2K1/TNF/AKT3/PIK3R3/PLA2G4D/SOS2/FCER1G/VAV1/RAC2/PDPK1/PLA2G4B/PIK3CB/IL4/GRB2/MAPK1/GAB2/MAPK14/VAV3/FYN/PLA2G4C/PLCG1,39
Metabolism,Glycan biosynthesis and metabolism,hsa00512,Mucin type O-glycan biosynthesis,23/3616,36/9387,0.6388888888888888,1.6585315265486724,3.133485878188398,0.0017762211572878172,0.006925266759313175,0.00432763522650846,B3GNT6/GALNT2/GALNT10/ST6GALNAC3/GALNT9/ST6GALNAC2/GALNT18/GALNT12/GALNT14/GALNTL6/GALNT16/GALNT17/ST6GALNAC1/GALNT8/ST3GAL1/B4GALT5/GALNT6/ST3GAL2/GCNT4/B3GNT3/GALNT7/GALNT15/GALNT11,23
Human Diseases,Cancer: specific types,hsa05222,Small cell lung cancer,50/3616,93/9387,0.5376344086021505,1.3956787039680272,3.0353708940497057,0.001935059155425966,0.007460728077031224,0.004662247789681275,RXRA/E2F2/BIRC7/LAMA5/ITGA6/CASP3/COL4A2/LAMA3/LAMC1/LAMC3/AKT1/TRAF1/PIK3CD/E2F3/ITGB1/TRAF5/FHIT/ZBTB17/LAMB4/TRAF3/LAMB3/BCL2/BCL2L1/ITGAV/RARB/PIK3R1/AKT2/LAMB2/MAX/SKP2/ITGA3/AKT3/NOS2/RXRB/PIK3R3/APAF1/IKBKB/LAMA1/BAK1/ITGA2/LAMB1/PIK3CB/CCND1/CYCS/RB1/COL4A1/LAMA4/CASP9/CDK6/RELA,50
Organismal Systems,Nervous system,hsa04723,Retrograde endocannabinoid signaling,75/3616,149/9387,0.5033557046979866,1.3066924778761064,2.987006916882974,0.0020625261929933195,0.007864797680974527,0.0049147529873525015,NDUFV2/PRKCA/CACNA1A/ADCY2/NDUFB10/ADCY7/MGLL/GNG7/CACNA1C/ADCY9/MAPK10/KCNJ6/CACNA1D/DAGLA/NDUFB8/GABRG3/GNG4/GABRR1/PRKCB/NDUFS4/NDUFS7/NDUFA6/ADCY8/ADCY3/NDUFV3/CACNA1B/ITPR3/GRM5/PLCB1/CACNA1S/GNG13/NDUFS6/NDUFA11/ADCY6/GNB1/PLCB2/KCNJ5/GNAO1/KCNJ3/GNG12/ITPR1/NDUFA13/GABRA5/NDUFB1/ADCY1/NDUFA9/ADCY5/NDUFA10/NDUFS2/NDUFA7/NDUFV1/GABRR2/PRKCG/PRKACA/GABRB2/GABRA6/GNG2/GNAI2/PRKACG/GNB5/GNAQ/DAGLB/GNG10/GABRB3/NDUFB7/GNB2/MAPK1/MAPK14/PLCB4/GABRP/GRIA1/NDUFC1/ITPR2/GNB3/GNGT1,75
Human Diseases,Infectious disease: viral,hsa05163,Human cytomegalovirus infection,108/3616,226/9387,0.4778761061946903,1.2405483984650325,2.8974382992949015,0.0025481268617611233,0.009610869793816411,0.006005882534585714,E2F2/NFATC1/PRKCA/CASP3/ADCY2/IL10RB/ADCY7/GNG7/GNAS/JAK1/GNA12/AKT1/ADCY9/PIK3CD/E2F3/TSC2/GNA11/PTGER1/CREB3L3/TRAF5/CALML4/GNG4/ARHGEF11/PRKCB/MTOR/CRK/BCAR1/PDGFRA/ADCY8/ADCY3/ITPR3/PLCB1/ITGAV/PPP3CC/GNG13/ROCK1/ADCY6/CXCR2/GNB1/PIK3R1/PLCB2/RAC1/AKT2/GNAO1/NFATC2/FAS/GNG12/PXN/IL6R/MAP2K1/ITPR1/IL1R1/CREB3L2/ADCY1/SRC/NFATC3/EGFR/TNF/AKT3/STING1/RHOA/PIK3R3/SOS2/IKBKB/PTK2B/EIF4EBP1/CREB5/ADCY5/CREB3L1/NFATC4/STAT3/AKAP13/BAK1/RPS6KB2/BID/CCR3/ARHGEF1/RAC2/PRKCG/PRKACA/PIK3CB/GNG2/IL1B/CCND1/PDIA3/GNAI2/CYCS/PRKACG/GNB5/GNAQ/TSC1/GNG10/RB1/GRB2/GNB2/IRF3/MAPK1/MAPK14/PLCB4/CASP9/CDK6/CALML6/ROCK2/ITPR2/RELA/TAP2/GNB3/GNGT1,108
Metabolism,Glycan biosynthesis and metabolism,hsa00514,Other types of O-glycan biosynthesis,28/3616,47/9387,0.5957446808510638,1.5465307851628696,2.9731653966035685,0.002718544707222146,0.01014338724092564,0.006338655457699628,XXYLT1/POMT2/GALNT2/GALNT10/COLGALT1/GALNT9/COLGALT2/PLOD3/GALNT18/ST6GAL1/GALNT12/GALNT14/GALNTL6/GALNT16/GALNT17/B4GALT3/GALNT8/B4GALT1/GALNT6/GXYLT1/ST3GAL3/RFNG/POFUT1/GALNT7/GALNT15/B3GLCT/GALNT11/POFUT2,28
Organismal Systems,Aging,hsa04211,Longevity regulating pathway,48/3616,90/9387,0.5333333333333333,1.3845132743362831,2.901283213431707,0.002928583405698026,0.01081083448699165,0.006755746714152222,RPTOR/EHMT1/IRS1/ADCY2/ADCY7/AKT1/ADCY9/INSR/PIK3CD/TSC2/CREB3L3/MTOR/PPARG/EIF4E1B/ADCY8/PRKAB1/ADCY3/STK11/PRKAG2/ADCY6/IRS2/PIK3R1/AKT2/ATG5/FOXO3/CREB3L2/ADCY1/AKT3/PIK3R3/EIF4EBP1/CREB5/ADCY5/ADIPOR2/CREB3L1/IGF1R/FOXO1/RPS6KB2/SOD2/EIF4E/PRKACA/PIK3CB/CAMK4/PRKACG/TSC1/CAT/ADIPOR1/RELA/ADIPOQ,48
Cellular Processes,Transport and catabolism,hsa04140,Autophagy - animal,83/3616,169/9387,0.4911242603550296,1.2749401083939884,2.8549075468845673,0.0030195766075660872,0.011029400871846656,0.006892329985136997,GABARAPL2/WDR41/RPTOR/VPS16/AMBRA1/ATG7/IRS1/MAP1LC3C/RAB7A/ATG16L2/AKT1/PIK3CD/MAPK10/TSC2/WDR45B/NRBF2/ATG16L1/GORASP2/RAB8A/ATG9B/CTSB/MTOR/ZFYVE1/BCL2/ATG4B/CTSD/BCL2L1/STK11/ATG4D/ATG2A/DAPK2/ATG10/RUBCN/WIPI1/BAD/IRS2/SQSTM1/MAP1LC3A/PIK3R1/AKT2/ATG5/MAP2K1/ITPR1/PRKCQ/LAMP1/DAPK1/UBA52/AKT3/PIK3R3/MTMR4/WIPI2/PRKCD/RAB1A/EPG5/GABARAPL1/RAB7B/MRAS/BIRC6/SMCR8/MTMR3/MAP1LC3B2/VPS33A/IGF1R/MTMR14/RPS6KB2/PDPK1/HMGB1/PRKACA/PIK3CB/PPP2CB/PRKACG/TSC1/DEPTOR/TP53INP2/RRAGC/UVRAG/MAPK1/MLST8/NBR1/STX7/EIF2AK3/OPTN/RRAS2,83
Organismal Systems,Aging,hsa04213,Longevity regulating pathway - multiple species,35/3616,62/9387,0.5645161290322581,1.465462639166429,2.910617933086031,0.003074938458658854,0.011114621303693983,0.006945584676356622,RPTOR/CLPB/IRS1/ADCY2/ADCY7/AKT1/ADCY9/INSR/PIK3CD/MTOR/ADCY8/PRKAB1/ADCY3/PRKAG2/ADCY6/IRS2/PIK3R1/AKT2/ATG5/FOXO3/ADCY1/AKT3/PIK3R3/HSPA6/HDAC1/ADCY5/IGF1R/FOXO1/RPS6KB2/SOD2/PRKACA/PIK3CB/PRKACG/CAT/HSPA1L,35
Organismal Systems,Immune system,hsa04660,T cell receptor signaling pathway,62/3616,122/9387,0.5081967213114754,1.3192595749310896,2.809506772163423,0.0036358918638772658,0.01300674718314857,0.008127983982189004,LAT/PPP2R5D/NFATC1/CD8B2/AKT1/CD8A/VAV2/PIK3CD/MAPK10/CDC42/MAP3K14/CARD11/PPP2R2C/PPP2R3A/PPP2R2D/PPP3CC/NFKBIE/PDCD1/PIK3R1/ITK/AKT2/NFATC2/LCP2/PPP2R5B/PAK4/MAP2K1/CD247/GRAP2/PRKCQ/NFATC3/TNF/AKT3/RHOA/PIK3R3/SOS2/IKBKB/PPP2R5C/CD4/ICOS/MALT1/PAK6/NCK2/VAV1/PPP2R3C/RASGRP1/PDPK1/PTPN11/PAK2/PIK3CB/PPP2CB/IL4/PTPN6/GRB2/ZAP70/MAPK1/MAPK14/VAV3/TEC/PPP2R5E/RELA/FYN/PLCG1,62
NA,NA,hsa04081,Hormone signaling,104/3616,219/9387,0.4748858447488584,1.2327857922172385,2.7591173615041877,0.0038622679485900173,0.013675581409803428,0.00854594197002732,POMC/OPRD1/IGF2/IRS1/ADCY2/HCRTR1/ADCY7/HAMP/GNG7/GNAS/GNA12/AGT/ADCY9/INSR/AVPR1B/SSTR5/RAPGEF3/PIK3CD/GNA11/ADRB3/ADRA1B/GNG4/PRKG1/VIPR2/ADCY8/ADCY3/PLCB1/ITGAV/STK11/GNG13/CCKBR/CRHR1/ADCY6/IRS2/GNB1/PIK3R1/PLCB2/GNAO1/GNG12/DIO1/GPER1/DIO2/GHRL/RAPGEF4/ESR2/ADCY1/SRC/ADRA1D/SSTR2/RHOA/PIK3R3/VIPR1/DRD2/GNRH2/GNA14/GNA15/HCRT/JAK2/ADCY5/NOS1/OPRM1/ADIPOR2/GHRHR/PNOC/NPR2/STAT3/IGF1R/NPPA/SLC16A10/RAMP3/THRA/ADRA2B/STAT5B/TSHR/PRKACA/PIK3CB/GNG2/CRHR2/PRLHR/GNAI2/FSHR/PRKACG/GNB5/GNAQ/GH1/GNG10/GAST/OXTR/LEP/STAT5A/GNB2/ADIPOR1/MLN/PLCB4/ACVR1/ESR1/NPR1/LHB/GLP1R/ADIPOQ/TRH/OXT/GNB3/GNGT1,104
Organismal Systems,Nervous system,hsa04720,Long-term potentiation,37/3616,67/9387,0.5522388059701493,1.4335911702549202,2.819283979034569,0.00395251452289855,0.013853763024705019,0.008657288588166947,CREBBP/PRKCA/PPP1CC/CAMK2G/CACNA1C/RAPGEF3/GRIN2D/RPS6KA1/CALML4/PRKCB/ADCY8/ITPR3/GRM5/PLCB1/CAMK2B/PPP3CC/RPS6KA2/CAMK2A/PLCB2/GRIN1/MAP2K1/ITPR1/GRIN2A/ADCY1/PPP1R1A/PRKCG/PRKACA/CAMK4/RAP1B/PRKACG/GNAQ/MAPK1/PLCB4/CALML6/RAP1A/GRIA1/ITPR2,37
Metabolism,Amino acid metabolism,hsa00310,Lysine degradation,35/3616,63/9387,0.5555555555555556,1.4422013274336283,2.787520904185699,0.004386541813640743,0.01522130009333338,0.009511869616947296,PRDM16/EHMT1/KMT2B/EZH1/DHTKD1/PLOD1/PHYKPL/PRDM9/COLGALT1/MECOM/DLST/DOT1L/COLGALT2/PLOD3/PIPOX/ALDH2/KMT2E/ASH1L/NSD2/SETD2/SETD1A/NSD3/DLD/KMT2C/SMYD3/ALDH1B1/KMT2D/KMT2A/SETD7/GCDH/EHHADH/SMYD1/AASS/PRDM6/NSD1,35
Genetic Information Processing,Transcription,hsa03020,RNA polymerase,21/3616,34/9387,0.6176470588235294,1.6033885346173868,2.7899087157639135,0.005027836013932866,0.017273852443907965,0.010794520259199273,POLR3D/CRCP/POLR1A/POLR2F/POLR2B/POLR2J2/POLR2C/POLR3B/POLR3F/POLR2J3/POLR2K/POLR2D/POLR1C/POLR1E/POLR2I/POLR3E/POLR2G/POLR3C/POLR3K/POLR2E/POLR3GL,21
Human Diseases,Cancer: specific types,hsa05221,Acute myeloid leukemia,37/3616,68/9387,0.5441176470588235,1.4125089471629357,2.7022910437279903,0.0054946945584225795,0.018692735409535637,0.011681187606140881,RARA/RUNX1/AKT1/PIK3CD/PER2/TCF7L2/CSF1R/PML/MTOR/PPARD/BAD/ZBTB16/MPO/TCF7/ITGAM/PIK3R1/AKT2/SPI1/RUNX1T1/CEBPE/MAP2K1/AKT3/PIK3R3/SOS2/IKBKB/EIF4EBP1/JUP/STAT3/RPS6KB2/TCF7L1/STAT5B/PIK3CB/CCND1/GRB2/STAT5A/MAPK1/RELA,37
Human Diseases,Cancer: specific types,hsa05225,Hepatocellular carcinoma,82/3616,170/9387,0.4823529411764706,1.2521700937011973,2.6263475427581313,0.00583214460251154,0.019648098806519458,0.01227819916318219,PLCG2/SMAD3/AXIN2/E2F2/WNT5B/TXNRD2/PRKCA/IGF2/SMARCA4/NQO1/AKT1/FZD9/PIK3CD/E2F3/AXIN1/TCF7L2/WNT3/SMARCD1/PRKCB/NFE2L2/MTOR/SMARCD3/WNT2B/BCL2L1/SHC2/LRP5/BAD/WNT11/WNT3A/TCF7/PIK3R1/ARID1B/WNT4/AKT2/TGFA/ACTB/TXNRD1/MAP2K1/KEAP1/SMARCA2/APC/WNT7B/EGFR/AKT3/TGFB3/DPF3/PIK3R3/CSNK1A1/SOS2/ACTG1/TERT/SMARCD2/GSTP1/SMARCC1/DVL1/IGF1R/BAK1/WNT9B/RPS6KB2/TCF7L1/ARID1A/SHC3/PRKCG/DVL2/PIK3CB/SMARCB1/CCND1/GSTM3/RB1/GSTO1/GRB2/MAPK1/WNT7A/TXNRD3/DPF1/CDK6/WNT10B/HMOX1/SHC4/GSTA3/SMARCC2/PLCG1,82
Metabolism,Metabolism of cofactors and vitamins,hsa00730,Thiamine metabolism,11/3616,15/9387,0.7333333333333333,1.9037057522123892,2.7725889297997273,0.0066737704268763865,0.022267291712751023,0.013914946436604613,ALPL/ACP1/AK7/AK1/AK8/NTPCR/ALPI/AK4/NFS1/THTPA/AK5,11
Environmental Information Processing,Signal transduction,hsa04370,VEGF signaling pathway,33/3616,60/9387,0.55,1.427779314159292,2.631197000251805,0.006854088662135235,0.022651131102485015,0.014154809668169007,PLCG2/NOS3/PRKCA/SPHK2/AKT1/PIK3CD/CDC42/MAPKAPK3/PRKCB/SHC2/PPP3CC/BAD/PIK3R1/RAC1/AKT2/NFATC2/PXN/MAP2K1/MAPKAPK2/SRC/AKT3/PIK3R3/PLA2G4D/RAC2/PRKCG/PLA2G4B/PIK3CB/SH2D2A/MAPK1/MAPK14/CASP9/PLA2G4C/PLCG1,33
Human Diseases,Cancer: specific types,hsa05215,Prostate cancer,50/3616,98/9387,0.5102040816326531,1.3244706068268017,2.5558353116868835,0.00768203355781591,0.02514778909964265,0.0157149842394248,E2F2/PLAT/CREBBP/ZEB1/PLAU/INSRR/AKT1/ETV5/PIK3CD/E2F3/CREB3L3/TCF7L2/MTOR/PDGFRA/BCL2/PDGFRB/BAD/PDGFB/TCF7/PIK3R1/AKT2/TGFA/MAP2K1/CREB3L2/EGFR/AKT3/ERG/PIK3R3/HSP90AB1/SOS2/IKBKB/CREB5/GSTP1/FGFR2/CREB3L1/IGF1R/FOXO1/TCF7L1/PDPK1/FGFR1/PIK3CB/CCND1/SRD5A2/RB1/GRB2/MAPK1/ERBB2/CASP9/PDGFC/RELA,50
Human Diseases,Neurodegenerative disease,hsa05017,Spinocerebellar ataxia,70/3616,144/9387,0.4861111111111111,1.2619261615044248,2.507163154091476,0.008259278718487814,0.02678476369453525,0.016737938180113033,CIC/AMBRA1/RBPJL/PRKCA/CACNA1A/AKT1/PUM1/PIK3CD/MAPK10/SPTBN2/GRIN2D/NRBF2/ATP2A3/BEAN1/RYR1/PRKCB/MTOR/ATXN2L/RORA/DAB1/ITPR3/PLCB1/ATG2A/ATP2A1/PSMA3/WIPI1/PIK3R1/PLCB2/PSMA1/AKT2/GRIN1/ITPR1/GRIN2A/AKT3/PSMB7/PIK3R3/WIPI2/ATXN1/PSMC4/GRIN3B/ATXN10/VDAC1/GRIN3A/KCNC3/ATXN2/PRKCG/AFG3L2/NFYA/PSMD8/PIK3CB/SLC1A6/CYCS/GNAQ/PSMD9/SLC25A31/ADRM1/PSMC6/RELN/PSMC3/PLCB4/OMA1/ATP2A2/MAP3K5/KCND3/GTF2B/GRIA1/ATXN1L/ITPR2/VLDLR/PSMD13,70
Human Diseases,Cancer: specific types,hsa05214,Glioma,40/3616,76/9387,0.5263157894736842,1.3662959944108057,2.537872214810026,0.008419869915359283,0.02689947365998126,0.016809621034297405,PLCG2/E2F2/CAMK1D/PRKCA/CAMK2G/AKT1/PIK3CD/E2F3/CALML4/PRKCB/MTOR/PDGFRA/PDGFRB/CAMK2B/SHC2/PDGFB/PIK3R1/CAMK2A/AKT2/TGFA/MAP2K1/EGFR/AKT3/PIK3R3/SOS2/IGF1R/BAK1/CAMK1G/SHC3/PRKCG/PIK3CB/CCND1/CAMK4/RB1/GRB2/MAPK1/CDK6/CALML6/SHC4/PLCG1,40
Metabolism,Metabolism of other amino acids,hsa00410,beta-Alanine metabolism,19/3616,31/9387,0.6129032258064516,1.5910737225235512,2.6091938205748115,0.008449690573308235,0.02689947365998126,0.016809621034297405,UPB1/GAD2/DPYS/ABAT/ALDH2/CNDP1/ALDH3A1/CSAD/ALDH3B2/AOC3/ALDH1B1/MLYCD/SMOX/GADL1/CNDP2/GAD1/EHHADH/ACOX3/HIBCH,19
Human Diseases,Infectious disease: parasitic,hsa05146,Amoebiasis,52/3616,103/9387,0.5048543689320388,1.3105829538620155,2.5087513039818927,0.008641945831520548,0.027261410941251188,0.017035797524337155,ITGB2/LAMA5/PRKCA/CASP3/COL4A2/ACTN1/LAMA3/LAMC1/LAMC3/RAB7A/GNAS/ACTN4/PIK3CD/GNA11/LAMB4/PRKCB/LAMB3/RAB5C/PLCB1/COL1A1/ITGAM/PIK3R1/PLCB2/LAMB2/IL1R1/SERPINB6/ADCY1/TNF/TGFB3/NOS2/PIK3R3/GNA14/GNA15/C8G/RAB7B/C9/LAMA1/MUC2/GNAL/LAMB1/PRKCG/PRKACA/PIK3CB/IL1B/PRKACG/GNAQ/COL4A1/PRDX1/LAMA4/PLCB4/VCL/RELA,52
Human Diseases,Cancer: specific types,hsa05212,Pancreatic cancer,40/3616,77/9387,0.5194805194805194,1.3485518905872886,2.4308989919093085,0.011108046762622342,0.03472515519486444,0.021699930138456162,SMAD3/E2F2/JAK1/AKT1/RALB/PIK3CD/MAPK10/E2F3/CDC42/MTOR/PLD1/BCL2L1/BAD/RALGDS/PIK3R1/RAC1/AKT2/TGFA/MAP2K1/EGFR/AKT3/TGFB3/PIK3R3/RALA/IKBKB/PLD2/STAT1/STAT3/BAK1/RPS6KB2/RALBP1/RAC2/PIK3CB/CCND1/RB1/MAPK1/ERBB2/CASP9/CDK6/RELA,40
Organismal Systems,Excretory system,hsa04960,Aldosterone-regulated sodium reabsorption,22/3616,38/9387,0.5789473684210527,1.5029255938518866,2.4589058744514802,0.011893021945747043,0.036847130492627,0.02302596354157792,PRKCA/IRS1/SCNN1A/INSR/FXYD2/PIK3CD/ATP1A4/PRKCB/PIK3R1/ATP1B1/ATP1A3/PIK3R3/NHERF2/NEDD4L/PDPK1/PRKCG/PIK3CB/MAPK1/HSD11B2/ATP1A2/KCNJ1/SCNN1B,22
Genetic Information Processing,Information processing in viruses,hsa03250,Viral life cycle - HIV-1,34/3616,64/9387,0.53125,1.3791050193584071,2.4087993654561823,0.012143310647453488,0.037289635351029735,0.02330248712971978,MX2/VPS4A/CREBBP/BICD2/APOBEC3B/MLLT1/KAT2A/MX1/VPS4B/ELL/NELFB/MAP1A/SERINC5/ELL2/APOBEC3C/APOBEC3D/NELFA/HGS/MAP1S/APOBEC3F/CD4/TRIM5/ELL3/FEZ1/SMARCB1/CHMP6/MLLT3/APOBEC3G/SUPT5H/CHMP4B/FURIN/CPSF7/NELFE/RANBP2,34
Metabolism,Carbohydrate metabolism,hsa00051,Fructose and mannose metabolism,20/3616,34/9387,0.5882352941176471,1.5270366996356066,2.436878060291961,0.01289965083417569,0.03926472666192074,0.024536731965283397,FBP1/PFKP/FCSK/GMDS/HK1/AKR1B1/HK2/PFKFB4/PFKL/GFUS/PMM1/SORD/PFKFB3/ALDOC/PMM2/HK3/TPI1/AKR1B15/ENOSF1/MPI,20
Genetic Information Processing,"Folding, sorting and degradation",hsa04120,Ubiquitin mediated proteolysis,68/3616,142/9387,0.4788732394366197,1.2431369188582824,2.310843700676125,0.013753273549592014,0.041499008014855905,0.02593294600655336,WWP2/ANAPC1/BIRC7/UBE2J2/ANAPC16/UBE2F/ITCH/STUB1/FZR1/SIAH1/PRKN/UBE2I/PML/PPIL2/UBE2B/UBA7/SAE1/CUL4A/BRCA1/WWP1/ANAPC2/AIRE/KEAP1/PIAS3/PIAS4/PIAS1/UBE4B/HERC1/SKP2/FANCL/UBA52/ELOC/TRIM32/HERC2/UBE2D2/UBE2Q1/FBXO2/MGRN1/NEDD4L/UBA2/RHOBTB2/CDC34/UBE2R2/UBE2O/BIRC6/CUL1/NEDD4/FBXW8/UBE2L3/UBE3B/UBE2Z/TRIM37/UBE2M/BTRC/CBL/HERC3/TRIP12/UBR5/ELOB/CUL3/CDC16/SMURF1/SOCS1/PIAS2/UBOX5/ANAPC10/ANAPC7/CDC27,68
Human Diseases,Cancer: specific types,hsa05210,Colorectal cancer,44/3616,87/9387,0.5057471264367817,1.3129005187671654,2.320883729321524,0.014372874715546203,0.042994720054263205,0.02686762424140216,SMAD3/AXIN2/CASP3/AKT1/MSH2/RALB/PIK3CD/MAPK10/AXIN1/TCF7L2/MTOR/BCL2/BAD/RALGDS/TCF7/PIK3R1/RAC1/AKT2/TGFA/BCL2L11/MAP2K1/APC/EGFR/AKT3/TGFB3/RHOA/PIK3R3/RALA/SOS2/MSH6/BAK1/RPS6KB2/TCF7L1/RAC2/BBC3/PIK3CB/CCND1/MSH3/BIRC5/CYCS/GRB2/MLH1/MAPK1/CASP9,44
Organismal Systems,Endocrine system,hsa04916,Melanogenesis,50/3616,101/9387,0.49504950495049505,1.285129895732936,2.280436854953984,0.015530803624290736,0.046061443227597317,0.02878403550700757,POMC/WNT5B/CREBBP/PRKCA/ADCY2/ADCY7/GNAS/CAMK2G/ADCY9/FZD9/CREB3L3/TCF7L2/WNT3/CALML4/PRKCB/ASIP/ADCY8/WNT2B/ADCY3/PLCB1/CAMK2B/WNT11/WNT3A/TCF7/ADCY6/CAMK2A/PLCB2/WNT4/GNAO1/MAP2K1/CREB3L2/ADCY1/WNT7B/ADCY5/CREB3L1/DVL1/WNT9B/TCF7L1/PRKCG/PRKACA/DVL2/GNAI2/PRKACG/GNAQ/DCT/MAPK1/WNT7A/PLCB4/WNT10B/CALML6,50
